state,district,id,icpsr,last_name,first_name,middle_name,ngirls_total,nboys_total,nchildren_total,ngirls_bio,nboys_bio,nchildren_bio,Notes,cong_served
,,,,,,,,,,,,,*Child counts remained constant throughout the period of interest (105-108 Congresses) for all MCs with any non-biological children.,
MI,16,D000355,2605,Dingell,John,David,2,2,4,2,2,4,,"97, 98, 99, 100, 101, 102, 103, 104, 105, 106, 107"
MI,15,D000355,2605,Dingell,John,David,2,2,4,2,2,4,,"108, 109, 110, 111, 112"
IL,9,Y000013,10421,Yates,Sidney,Richard,0,1,1,0,1,1,,"97, 98, 99, 100, 101, 102, 103, 104, 105"
TX,20,G000272,10520,Gonzalez,Henry,B.,4,4,8,4,4,8,,"97, 98, 99, 100, 101, 102, 103, 104, 105"
CA,42,B000918,10573,Brown,George,Edward,1,5,6,1,1,2,4 stepchildren,"103, 104, 105, 106"
PA,10,M000399,10607,McDade,Joseph,Michael,2,3,5,2,3,5,,"97, 98, 99, 100, 101, 102, 103, 104, 105"
MI,14,C000714,10713,Conyers,John,NA,0,2,2,0,2,2,,"103, 104, 105, 106, 107, 108, 109, 110, 111, 112"
IN,9,H000114,10732,Hamilton,Lee,Herbert,2,1,3,2,1,3,,"97, 98, 99, 100, 101, 102, 103, 104, 105"
HI,2,M000797,10757,Mink,Patsy,Takemoto,1,0,1,1,0,1,,"102, 103, 104, 105, 106, 107"
MO,1,C000488,12009,Clay,William,Lacy,2,1,3,2,1,3,,"97, 98, 99, 100, 101, 102, 103, 104, 105, 106"
OH,11,S000948,12030,Stokes,Louis,NA,3,1,4,3,1,4,,"103, 104, 105"
WI,7,O000007,12036,Obey,David,Ross,0,2,2,0,2,2,,"97, 98, 99, 100, 101, 102, 103, 104, 105, 106, 107, 108, 109, 110, 111"
IL,8,C000873,12041,Crane,Philip,Miller,6,1,7,5,1,6,1 stepchild,"103, 104, 105, 106, 107, 108"
TX,7,A000215,13002,Archer,William,Reynolds,3,4,7,3,2,5,2 stepchildren,"97, 98, 99, 100, 101, 102, 103, 104, 105, 106"
CA,9,D000222,13011,Dellums,Ronald,V.,2,3,5,2,3,5,,"103, 104, 105"
NY,15,R000053,13035,Rangel,Charles,B.,1,1,2,1,1,2,,"103, 104, 105, 106, 107, 108, 109, 110, 111, 112"
SC,2,S000718,13042,Spence,Floyd,Davidson,0,4,4,0,4,4,,"97, 98, 99, 100, 101, 102, 103, 104, 105, 106, 107"
FL,10,Y000031,13047,Young,Charles,William,0,3,3,0,3,3,,"103, 104, 105, 106, 107, 108, 109, 110, 111, 112"
NY,20,G000212,14015,Gilman,Benjamin,Arthur,2,3,5,2,3,5,,"103, 104, 105, 106, 107"
MA,9,M000834,14039,Moakley,John,Joseph,0,0,0,0,0,0,,"97, 98, 99, 100, 101, 102, 103, 104, 105, 106, 107"
OH,16,R000141,14045,Regula,Ralph,Straus,1,2,3,1,2,3,,"97, 98, 99, 100, 101, 102, 103, 104, 105, 106, 107, 108, 109, 110"
PA,9,S000394,14052,Shuster,E.,G.,3,2,5,3,2,5,,"97, 98, 99, 100, 101, 102, 103, 104, 105, 106, 107"
CA,13,S000810,14053,Stark,Fortney,Hillman,4,3,7,4,3,7,,"103, 104, 105, 106, 107, 108, 109, 110, 111, 112"
AK,1,Y000033,14066,Young,Donald,Edwin,2,0,2,2,0,2,,"97, 98, 99, 100, 101, 102, 103, 104, 105, 106, 107, 108, 109, 110, 111, 112, 113, 114, 115, 116"
PA,12,M001120,14072,Murtha,John,Patrick,1,2,3,1,2,3,,"97, 98, 99, 100, 101, 102, 103, 104, 105, 106, 107, 108, 109, 110, 111"
NC,8,H000448,14233,Hefner,Willie,Gathrel,2,0,2,2,0,2,,"97, 98, 99, 100, 101, 102, 103, 104, 105"
IL,6,H001022,14239,Hyde,Henry,John,1,3,4,1,3,4,,"97, 98, 99, 100, 101, 102, 103, 104, 105, 106, 107, 108, 109"
NY,29,L000556,14248,Lafalce,John,Joseph,0,1,1,0,1,1,,"103, 104, 105, 106, 107"
CA,7,M000725,14256,Miller,George,NA,0,2,2,0,2,2,,"97, 98, 99, 100, 101, 102, 103, 104, 105, 106, 107, 108, 109, 110, 111, 112"
MN,8,O000006,14265,Oberstar,James,Louis,4,2,6,4,2,6,,"97, 98, 99, 100, 101, 102, 103, 104, 105, 106, 107, 108, 109, 110, 111"
CA,29,W000215,14280,Waxman,Henry,Arnold,1,1,2,1,1,2,,"103, 104, 105, 106, 107"
CA,30,W000215,14280,Waxman,Henry,Arnold,1,1,2,1,1,2,,"108, 109, 110, 111, 112"
PA,19,G000291,14288,Goodling,William,Franklin,1,1,2,1,1,2,,"97, 98, 99, 100, 101, 102, 103, 104, 105, 106"
TX,14,P000583,14290,Paul,Ronald,Ernest,3,3,6,3,3,6,,"105, 106, 107, 108, 109, 110, 111, 112"
MI,10,B000619,14407,Bonior,David,Edward,1,2,3,1,2,3,,"103, 104, 105, 106, 107"
WA,6,D000327,14413,Dicks,Norman,DeValois,0,2,2,0,2,2,,"97, 98, 99, 100, 101, 102, 103, 104, 105, 106, 107, 108, 109, 110, 111, 112"
MO,3,G000132,14421,Gephardt,Richard,Andrew,2,1,3,2,1,3,,"97, 98, 99, 100, 101, 102, 103, 104, 105, 106, 107, 108"
MI,9,K000172,14430,Kildee,Dale,Edward,1,2,3,1,2,3,,"103, 104, 105, 106, 107"
MI,5,K000172,14430,Kildee,Dale,Edward,1,2,3,1,2,3,,"108, 109, 110, 111, 112"
IA,1,L000169,14432,Leach,James,Albert Smith,1,1,2,1,1,2,,"97, 98, 99, 100, 101, 102, 103, 104, 105, 106, 107"
IA,2,L000169,14432,Leach,James,Albert Smith,1,1,2,1,1,2,,"108, 109"
MA,7,M000133,14435,Markey,Edward,John,0,0,0,0,0,0,,"97, 98, 99, 100, 101, 102, 103, 104, 105, 106, 107, 108, 109, 110, 111, 112"
WV,3,R000011,14448,Rahall,Nick,Joe,2,1,3,2,1,3,,"103, 104, 105, 106, 107, 108, 109, 110, 111, 112, 113"
MO,4,S000465,14451,Skelton,Isaac,Newton,1,2,3,1,2,3,,"97, 98, 99, 100, 101, 102, 103, 104, 105, 106, 107, 108, 109, 110, 111"
AZ,3,S001044,14454,Stump,Robert,Lee,1,2,3,1,2,3,,"98, 99, 100, 101, 102, 103, 104, 105, 106, 107"
MN,4,V000087,14458,Vento,Bruce,Frank,0,3,3,0,3,3,,"97, 98, 99, 100, 101, 102, 103, 104, 105, 106"
LA,1,L000371,14469,Livingston,Robert,Linlithgow,1,3,4,1,3,4,,"97, 98, 99, 100, 101, 102, 103, 104, 105, 106"
NE,1,B000403,14605,Bereuter,Douglas,Kent,0,2,2,0,2,2,,"97, 98, 99, 100, 101, 102, 103, 104, 105, 106, 107, 108"
CA,32,D000373,14620,Dixon,Julian,Carey,0,1,1,0,1,1,,"103, 104, 105, 106"
CA,3,F000053,14624,Fazio,Victor,Herbert,3,1,4,3,1,4,,"103, 104, 105"
TX,24,F000392,14626,Frost,Jonas,Martin,3,0,3,0,0,0,3 stepdaughters,"97, 98, 99, 100, 101, 102, 103, 104, 105, 106, 107, 108"
GA,6,G000225,14627,Gingrich,Newton,Leroy,2,0,2,2,0,2,,"97, 98, 99, 100, 101, 102, 103, 104, 105"
OH,3,H000074,14632,Hall,Tony,Patrick,1,0,1,1,0,1,,"97, 98, 99, 100, 101, 102, 103, 104, 105, 106, 107"
CA,40,L000274,14644,Lewis,Charles,Jeremy,2,5,7,2,5,7,,"103, 104, 105, 106, 107"
CA,41,L000274,14644,Lewis,Charles,Jeremy,2,5,7,2,5,7,,"108, 109, 110, 111, 112"
CA,5,M000249,14649,Matsui,Robert,T.,0,1,1,0,1,1,,"103, 104, 105, 106, 107, 108"
MN,5,S000005,14656,Sabo,Martin,Olav,2,0,2,2,0,2,,"97, 98, 99, 100, 101, 102, 103, 104, 105, 106, 107, 108, 109"
WI,9,S000244,14657,Sensenbrenner,Frank,James,0,2,2,0,2,2,,"97, 98, 99, 100, 101, 102, 103, 104, 105, 106, 107"
WI,5,S000244,14657,Sensenbrenner,Frank,James,0,2,2,0,2,2,,"108, 109, 110, 111, 112, 113, 114, 115, 116"
NY,22,S000675,14662,Solomon,Gerald,Brooks Hunt,2,3,5,2,3,5,,"103, 104, 105"
TX,17,S000851,14664,Stenholm,Charles,Walter,1,2,3,1,2,3,,"97, 98, 99, 100, 101, 102, 103, 104, 105, 106, 107, 108"
CA,21,T000188,14669,Thomas,William,Marshall,1,1,2,1,1,2,,"103, 104, 105, 106, 107"
CA,22,T000188,14669,Thomas,William,Marshall,1,1,2,1,1,2,,"108, 109"
WI,6,P000265,14675,Petri,Thomas,Evert,1,0,1,1,0,1,,"97, 98, 99, 100, 101, 102, 103, 104, 105, 106, 107, 108, 109, 110, 111, 112, 113"
IL,10,P000444,14677,Porter,John,Edward,3,2,5,3,2,5,,"97, 98, 99, 100, 101, 102, 103, 104, 105, 106"
VA,7,B000556,14802,Bliley,Thomas,Jerome,1,1,2,1,1,2,,"103, 104, 105, 106"
PA,14,C000846,14808,Coyne,William,Joseph,0,0,0,0,0,0,,"97, 98, 99, 100, 101, 102, 103, 104, 105, 106, 107"
CA,28,D000492,14813,Dreier,David,Timothy,0,0,0,0,0,0,,"103, 104, 105, 106, 107"
CA,26,D000492,14813,Dreier,David,Timothy,0,0,0,0,0,0,,"108, 109, 110, 111, 112"
PA,1,F000235,14823,Foglietta,Thomas,Michael,0,0,0,0,0,0,,"97, 98, 99, 100, 101, 102, 103, 104, 105"
MA,4,F000339,14824,Frank,Barney,NA,0,0,0,0,0,0,,"97, 98, 99, 100, 101, 102, 103, 104, 105, 106, 107, 108, 109, 110, 111, 112"
CT,2,G000120,14825,Gejdenson,Samuel,NA,1,1,2,1,1,2,,"97, 98, 99, 100, 101, 102, 103, 104, 105, 106"
TX,4,H000067,14828,Hall,Ralph,Moody,0,3,3,0,3,3,,"97, 98, 99, 100, 101, 102, 103, 104, 105, 106, 107, 108"
UT,1,H000172,14829,Hansen,James,Vear,2,3,5,2,3,5,,"97, 98, 99, 100, 101, 102, 103, 104, 105, 106, 107"
CA,52,H000981,14835,Hunter,Duncan,Lee,0,2,2,0,2,2,,"103, 104, 105, 106, 107, 108, 109, 110"
CA,12,L000090,14837,Lantos,Thomas,Peter,2,0,2,2,0,2,,"103, 104, 105, 106, 107, 108, 109, 110"
FL,8,M000350,14842,McCollum,Ira,William,0,3,3,0,3,3,,"103, 104, 105, 106"
KY,5,R000395,14854,Rogers,Harold,Dallas,1,2,3,1,2,3,,"97, 98, 99, 100, 101, 102, 103, 104, 105, 106, 107, 108, 109, 110, 111, 112, 113, 114, 115, 116"
NJ,5,R000465,14855,Roukema,Margaret,Scafati,1,1,2,1,1,2,,"98, 99, 100, 101, 102, 103, 104, 105, 106, 107"
NY,9,S000148,14858,Schumer,Charles,Ellis,2,0,2,2,0,2,,"103, 104, 105"
FL,22,S000303,14860,Shaw,Eugene,Clay,2,2,4,2,2,4,,"103, 104, 105, 106, 107, 108, 109"
NM,2,S000463,14861,Skeen,Joseph,Richard,1,1,2,1,1,2,,"97, 98, 99, 100, 101, 102, 103, 104, 105, 106, 107"
NJ,4,S000522,14863,Smith,Christopher,Henry,2,2,4,2,2,4,,"97, 98, 99, 100, 101, 102, 103, 104, 105, 106, 107, 108, 109, 110, 111, 112, 113, 114, 115, 116"
NJ,4,S000522,14863,Smith,Christopher,Henry,2,2,4,2,2,4,,"97, 98, 99, 100, 101, 102, 103, 104, 105, 106, 107, 108, 109, 110, 111, 112, 113, 114, 115, 116"
VA,10,W000672,14869,Wolf,Frank,Rudolph,4,1,5,4,1,5,,"97, 98, 99, 100, 101, 102, 103, 104, 105, 106, 107, 108, 109, 110, 111, 112, 113"
MD,5,H000874,14873,Hoyer,Steny,Hamilton,3,0,3,3,0,3,,"97, 98, 99, 100, 101, 102, 103, 104, 105, 106, 107, 108, 109, 110, 111, 112, 113, 114, 115, 116"
OH,4,O000163,14875,Oxley,Michael,Garver,0,1,1,0,1,1,,"97, 98, 99, 100, 101, 102, 103, 104, 105, 106, 107, 108, 109"
CT,1,K000118,14877,Kennelly,Barbara,Bailey,3,1,4,3,1,4,,"97, 98, 99, 100, 101, 102, 103, 104, 105"
CA,31,M000206,14879,Martinez,Matthew,G.,3,2,5,3,2,5,,"103, 104, 105, 106"
NY,5,A000022,15000,Ackerman,Gary,Leonard,1,2,3,1,2,3,,"103, 104, 105, 106, 107, 108, 109, 110, 111, 112"
VA,1,B000229,15003,Bateman,Herbert,Harvell,1,1,2,1,1,2,,"98, 99, 100, 101, 102, 103, 104, 105, 106"
CA,26,B000410,15005,Berman,Howard,Lawrence,2,0,2,2,0,2,,"98, 99, 100, 101, 102, 103, 104, 105, 106, 107"
CA,28,B000410,15005,Berman,Howard,Lawrence,2,0,2,2,0,2,,"108, 109, 110, 111, 112"
FL,9,B000463,15006,Bilirakis,Michael,NA,0,2,2,0,2,2,,"98, 99, 100, 101, 102, 103, 104, 105, 106, 107, 108, 109"
NY,23,B000586,15007,Boehlert,Sherwood,Louis,2,0,2,2,0,2,2 stepchildren,"103, 104, 105, 106, 107"
NY,24,B000586,15007,Boehlert,Sherwood,Louis,3,1,4,2,0,2,2 stepchildren,"108, 109"
PA,3,B000644,15008,Borski,Robert,Anthony,4,1,5,4,1,5,,"98, 99, 100, 101, 102, 103, 104, 105, 106, 107"
VA,9,B000657,15010,Boucher,Frederick,C.,0,0,0,0,0,0,,"98, 99, 100, 101, 102, 103, 104, 105, 106, 107, 108, 109, 110, 111"
IN,6,B001149,15014,Burton,Danny,Lee,2,1,3,2,1,3,,"98, 99, 100, 101, 102, 103, 104, 105, 106, 107"
IN,5,B001149,15014,Burton,Danny,Lee,2,1,3,2,1,3,,"108, 109, 110, 111, 112"
TN,5,C000754,15019,Cooper,James,Hayes Shofner,1,2,3,1,2,3,,"108, 109, 110, 111, 112, 113, 114, 115, 116"
IL,17,E000250,15023,Evans,Lane,Allen,0,0,0,0,0,0,,"98, 99, 100, 101, 102, 103, 104, 105, 106, 107, 108, 109"
PA,17,G000121,15026,Gekas,George,William,0,0,0,0,0,0,,"98, 99, 100, 101, 102, 103, 104, 105, 106, 107"
CT,6,J000163,15028,Johnson,Nancy,Lee,3,0,3,3,0,3,,"98, 99, 100, 101, 102, 103, 104, 105, 106, 107"
CT,5,J000163,15028,Johnson,Nancy,Lee,3,0,3,3,0,3,,"108, 109"
OH,9,K000009,15029,Kaptur,Marcia,Carolyn,0,0,0,0,0,0,,"98, 99, 100, 101, 102, 103, 104, 105, 106, 107, 108, 109, 110, 111, 112, 113, 114, 115, 116"
OH,9,K000009,15029,Kaptur,Marcia,Carolyn,0,0,0,0,0,0,,"98, 99, 100, 101, 102, 103, 104, 105, 106, 107, 108, 109, 110, 111, 112, 113, 114, 115, 116"
OH,12,K000016,15030,Kasich,John,Richard,2,0,2,2,0,2,,"98, 99, 100, 101, 102, 103, 104, 105, 106"
MI,12,L000263,15033,Levin,Sander,Martin,2,2,4,2,2,4,,"103, 104, 105, 106, 107, 108, 109, 110, 111, 112"
IL,3,L000342,15036,Lipinski,William,Oliver,1,1,2,1,1,2,,"103, 104, 105, 106, 107, 108"
TX,27,O000107,15049,Ortiz,Solomon,P.,1,1,2,1,1,2,,"98, 99, 100, 101, 102, 103, 104, 105, 106, 107, 108, 109, 110, 111"
NY,11,O000159,15050,Owens,Major,Robert Odell,1,4,5,1,4,5,,"103, 104, 105, 106, 107, 108, 109"
CA,48,P000005,15051,Packard,Ronald,C.,4,3,7,4,3,7,,"103, 104, 105, 106"
NM,3,R000229,15055,Richardson,Bill,NA,1,1,2,1,1,2,,"98, 99, 100, 101, 102, 103, 104, 105"
CO,6,S000109,15058,Schaefer,Daniel,NA,1,3,4,1,3,4,,"98, 99, 100, 101, 102, 103, 104, 105"
VA,4,S000453,15060,Sisisky,Norman,NA,0,4,4,0,4,4,,"98, 99, 100, 101, 102, 103, 104, 105, 106, 107"
OR,2,S000607,15063,Smith,Robert,Freeman,1,2,3,1,2,3,,"98, 99, 100, 101, 102, 103, 105"
SC,5,S000749,15064,Spratt,John,McKee,3,0,3,3,0,3,,"98, 99, 100, 101, 102, 103, 104, 105, 106, 107, 108, 109, 110, 111"
CA,34,T000316,15070,Torres,Esteban,Edward,4,1,5,4,1,5,,"98, 99, 100, 101, 102, 103, 104, 105"
NY,10,T000326,15072,Towns,Edolphus,NA,1,1,2,1,1,2,,"103, 104, 105, 106, 107, 108, 109, 110, 111, 112"
WV,2,W000654,15077,Wise,Robert,Ellsworth,1,1,2,1,1,2,,"103, 104, 105, 106"
WI,4,K000259,15082,Kleczka,Gerald,Daniel,0,0,0,0,0,0,,"98, 99, 100, 101, 102, 103, 104, 105, 106, 107, 108"
WV,1,M000844,15083,Mollohan,Alan,Bowlby,1,4,5,1,4,5,,"98, 99, 100, 101, 102, 103, 104, 105, 106, 107, 108, 109, 110, 111"
TX,6,B000213,15085,Barton,Joe,Linus,2,2,4,2,2,4,,"99, 100, 101, 102, 103, 104, 105, 106, 107, 108, 109, 110, 111, 112, 113, 114, 115"
AL,1,C000052,15090,Callahan,Herbert,Leon,3,2,5,3,2,5,,"99, 100, 101, 102, 103, 104, 105, 106, 107"
NC,6,C000556,15092,Coble,Howard,NA,0,0,0,0,0,0,,"99, 100, 101, 102, 103, 104, 105, 106, 107, 108, 109, 110, 111, 112, 113"
TX,19,C000653,15093,Combest,Larry,Ed,1,1,2,1,1,2,,"99, 100, 101, 102, 103, 104, 105, 106, 107, 108"
TX,22,D000217,15094,Delay,Thomas,Dale,1,0,1,1,0,1,,"99, 100, 101, 102, 103, 104, 105, 106, 107, 108, 109"
IL,13,F000049,15098,Fawell,Harris,W.,1,2,3,1,2,3,,"99, 100, 101, 102, 103, 104, 105"
TN,6,G000309,15100,Gordon,Barton,Jennings,1,0,1,1,0,1,,"99, 100, 101, 102, 103, 104, 105, 106, 107, 108, 109, 110, 111"
PA,11,K000008,15104,Kanjorski,Paul,E.,1,0,1,1,0,1,,"99, 100, 101, 102, 103, 104, 105, 106, 107, 108, 109, 110, 111"
AZ,5,K000306,15105,Kolbe,James,Thomas,0,0,0,0,0,0,,"99, 100, 101, 102, 103, 104, 105, 106, 107"
AZ,8,K000306,15105,Kolbe,James,Thomas,0,0,0,0,0,0,,"108, 109"
NY,7,M000117,15107,Manton,Thomas,J.,2,2,4,2,2,4,,"103, 104, 105"
NJ,3,S000097,15112,Saxton,Hugh,James,1,1,2,1,1,2,,"103, 104, 105, 106, 107, 108, 109, 110"
OH,17,T000350,15121,Traficant,James,A.,2,0,2,2,0,2,,"99, 100, 101, 102, 103, 104, 105, 106, 107"
IN,1,V000108,15124,Visclosky,Peter,NA,0,2,2,0,2,2,,"99, 100, 101, 102, 103, 104, 105, 106, 107, 108, 109, 110, 111, 112, 113, 114, 115, 116"
TX,26,A000217,15125,Armey,Richard,Keith,1,4,5,1,4,5,,"99, 100, 101, 102, 103, 104, 105, 106, 107"
HI,1,A000014,15245,Abercrombie,Neil,NA,0,0,0,0,0,0,,"99, 102, 103, 104, 105, 106, 107, 108, 109, 110, 111"
LA,6,B000072,15401,Baker,Richard,Hugh,1,1,2,1,1,2,,"100, 101, 102, 103, 104, 105, 106, 107, 108, 109, 110"
NC,10,B000104,15402,Ballenger,Cass,NA,3,0,3,3,0,3,,"100, 101, 102, 103, 104, 105, 106, 107, 108"
KY,4,B001066,15406,Bunning,James,Paul David,5,4,9,5,3,8,1 stepson,"100, 101, 102, 103, 104, 105"
MD,3,C000141,15408,Cardin,Benjamin,Louis,1,1,2,1,1,2,,"100, 101, 102, 103, 104, 105, 106, 107, 108, 109"
OR,4,D000191,15410,Defazio,Peter,Anthony,0,0,0,0,0,0,,"100, 101, 102, 103, 104, 105, 106, 107, 108, 109, 110, 111, 112, 113, 114, 115, 116"
OR,4,D000191,15410,Defazio,Peter,Anthony,0,0,0,0,0,0,,"100, 101, 102, 103, 104, 105, 106, 107, 108, 109, 110, 111, 112, 113, 114, 115, 116"
NY,6,F000184,15412,Flake,Floyd,Harold,2,2,4,2,2,4,,"100, 101, 102, 103, 104, 105"
CA,23,G000021,15413,Gallegly,Elton,W.,1,3,4,1,3,4,,"103, 104, 105, 106, 107"
CA,24,G000021,15413,Gallegly,Elton,W.,1,3,4,1,3,4,,"108, 109, 110, 111, 112"
IL,14,H000323,15417,Hastert,John,Dennis,0,2,2,0,2,2,,"100, 101, 102, 103, 104, 105, 106, 107, 108, 109, 110"
CO,5,H000444,15419,Hefley,Joel,M.,3,0,3,3,0,3,,"100, 101, 102, 103, 104, 105, 106, 107, 108, 109"
CA,2,H000528,15420,Herger,Walter,William,3,5,8,3,5,8,,"100, 101, 102, 103, 104, 105, 106, 107, 108, 109, 110, 111, 112"
NY,31,H000814,15423,Houghton,Amory,NA,0,0,0,0,0,0,,"103, 104, 105, 106, 107"
NY,29,H000814,15423,Houghton,Amory,NA,0,0,0,0,0,0,,108
MA,8,K000110,15427,Kennedy,Joseph,Patrick,0,2,2,0,2,2,,"100, 101, 102, 103, 104, 105"
GA,5,L000287,15431,Lewis,John,R.,0,1,1,0,1,1,,"100, 101, 102, 103, 104, 105, 106, 107, 108, 109, 110, 111, 112, 113, 114, 115, 116"
MD,7,M000687,15433,Mfume,Kweisi,NA,1,5,6,1,5,6,,"100, 101, 102, 103, 104, 116"
MD,8,M000941,15434,Morella,Constance,A.,1,2,3,1,2,3,,"100, 101, 102, 103, 104, 105, 106, 107"
VA,2,P000326,15437,Pickett,Owen,Bradford,3,0,3,3,0,3,,"100, 101, 102, 103, 104, 105, 106"
NC,4,P000523,15438,Price,David,Eugene,1,1,2,1,1,2,,"100, 101, 102, 103, 105, 106, 107, 108, 109, 110, 111, 112, 113, 114, 115, 116"
OH,14,S000094,15442,Sawyer,Thomas,Charles,1,0,1,1,0,1,,"100, 101, 102, 103, 104, 105, 106, 107"
CO,2,S000462,15443,Skaggs,David,Evans,1,2,3,1,2,3,,"100, 101, 102, 103, 104, 105"
NY,28,S000480,15444,Slaughter,Louise,McIntosh,3,0,3,3,0,3,,"103, 104, 105, 106, 107, 108, 109, 110, 111, 112"
TX,21,S000583,15445,Smith,Lamar,Seeligson,1,1,2,1,1,2,,"100, 101, 102, 103, 104, 105, 106, 107, 108, 109, 110, 111, 112, 113, 114, 115"
MI,6,U000031,15446,Upton,Frederick,Stephen,1,1,2,1,1,2,,"103, 104, 105, 106, 107, 108, 109, 110, 111, 112, 113, 114, 115, 116"
MI,6,U000031,15446,Upton,Frederick,Stephen,1,1,2,1,1,2,,"103, 104, 105, 106, 107, 108, 109, 110, 111, 112, 113, 114, 115, 116"
PA,7,W000268,15447,Weldon,Wayne,Curtis,3,2,5,3,2,5,,"100, 101, 102, 103, 104, 105, 106, 107, 108, 109"
CA,8,P000197,15448,Pelosi,Nancy,NA,4,1,5,4,1,5,,"103, 104, 105, 106, 107, 108, 109, 110, 111, 112"
CT,4,S001144,15449,Shays,Christopher,H.,1,0,1,1,0,1,,"100, 101, 102, 103, 104, 105, 106, 107, 108, 109, 110"
TN,5,C000503,15450,Clement,Robert,Nelson,2,2,4,2,2,4,,"100, 101, 102, 103, 104, 105, 106, 107"
LA,4,M000388,15451,McCrery,James,O.,0,2,2,0,2,2,,"100, 101, 102, 105, 106, 107, 108, 109, 110"
IL,12,C000794,15453,Costello,Jerry,Francis,1,2,3,1,2,3,,"103, 104, 105, 106, 107, 108, 109, 110, 111, 112"
NJ,6,P000034,15454,Pallone,Frank,NA,2,1,3,2,1,3,,"103, 104, 105, 106, 107, 108, 109, 110, 111, 112, 113, 114, 115, 116"
NJ,6,P000034,15454,Pallone,Frank,NA,2,1,3,2,1,3,,"103, 104, 105, 106, 107, 108, 109, 110, 111, 112, 113, 114, 115, 116"
TN,2,D000533,15455,Duncan,John,J.,2,2,4,2,2,4,,"101, 102, 103, 104, 105, 106, 107, 108, 109, 110, 111, 112, 113, 114, 115"
CA,15,C000100,15600,Campbell,Thomas,J.,0,0,0,0,0,0,,"104, 105, 106"
CA,47,C000830,15601,Cox,Charles,Christopher,1,2,3,1,2,3,,"103, 104, 105, 106, 107"
CA,48,C000830,15601,Cox,Charles,Christopher,1,2,3,1,2,3,,"108, 109"
NY,17,E000179,15603,Engel,Eliot,Lance,1,2,3,1,2,3,,"103, 104, 105, 106, 107, 108, 109, 110, 111, 112"
OH,5,G000210,15604,Gillmor,Paul,Eugene,2,3,5,2,3,5,,"101, 102, 103, 104, 105, 106, 107, 108, 109, 110"
FL,14,G000336,15605,Goss,Porter,J.,1,3,4,1,3,4,,"103, 104, 105, 106, 107, 108"
NY,18,L000480,15612,Lowey,Nita,M.,2,1,3,2,1,3,,"103, 104, 105, 106, 107, 108, 109, 110, 111, 112"
WA,7,M000404,15613,McDermott,James,A.,1,1,2,1,1,2,,"101, 102, 103, 104, 105, 106, 107, 108, 109, 110, 111, 112, 113, 114"
NY,21,M000590,15614,McNulty,Michael,Robert,4,0,4,4,0,4,,"103, 104, 105, 106, 107, 108, 109, 110"
MA,2,N000015,15616,Neal,Richard,Edmund,1,3,4,1,3,4,,"101, 102, 103, 104, 105, 106, 107, 108, 109, 110, 111, 112"
NY,27,P000148,15618,Paxon,L.,William,1,0,1,1,0,1,,"103, 104, 105"
NJ,10,P000149,15619,Payne,Donald,Milford,2,1,3,2,1,3,,"101, 102, 103, 104, 105, 106, 107, 108, 109, 110, 111, 112"
IL,19,P000452,15620,Poshard,Glenn,NA,1,1,2,1,1,2,,"103, 104, 105"
CA,45,R000409,15621,Rohrabacher,Dana,NA,2,1,3,2,1,3,,"103, 104, 105, 106, 107"
CA,46,R000409,15621,Rohrabacher,Dana,NA,2,1,3,2,1,3,,"108, 109, 110, 111, 112"
NM,1,S000125,15624,Schiff,Steven,Harvey,1,1,2,1,1,2,,"101, 102, 103, 104, 105"
FL,6,S000822,15627,Stearns,Clifford,Bundy,0,3,3,0,3,3,,"101, 102, 103, 104, 105, 106, 107, 108, 109, 110, 111, 112"
TN,8,T000038,15628,Tanner,John,S.,1,1,2,1,1,2,,"101, 102, 103, 104, 105, 106, 107, 108, 109, 110, 111"
NY,25,W000099,15630,Walsh,James,T.,1,2,3,1,2,3,,"103, 104, 105, 106, 107, 108, 109, 110"
FL,18,R000435,15634,Ros-Lehtinen,Ileana,NA,2,1,3,2,1,3,,"101, 102, 103, 104, 105, 106, 107, 108, 109, 110, 111, 112"
CA,18,C000670,15635,Condit,Gary,Adrian,1,1,2,1,1,2,,"103, 104, 105, 106, 107"
MS,5,T000074,15637,Taylor,Gary,Eugene,2,1,3,2,1,3,,"101, 102, 103, 104, 105, 106, 107"
MS,4,T000074,15637,Taylor,Gary,Eugene,2,1,3,2,1,3,,"108, 109, 110, 111"
NY,13,M000843,15639,Molinari,Susan,NA,1,0,1,1,0,1,,"103, 104, 105"
AZ,1,F000444,20100,Flake,Jeff,NA,1,4,5,1,4,5,,107
AZ,6,F000444,20100,Flake,Jeff,NA,1,4,5,1,4,5,,"108, 109, 110, 111, 112"
AR,3,B001236,20101,Boozman,John,NA,3,0,3,3,0,3,,"107, 108, 109, 110, 111"
AR,4,R000573,20102,Ross,Michael,Avery,1,1,2,1,1,2,,"107, 108, 109, 110, 111, 112"
CA,15,H001034,20103,Honda,Mike,NA,1,1,2,1,1,2,,"107, 108, 109, 110, 111, 112"
CA,27,S001150,20104,Schiff,Adam,NA,1,1,2,1,1,2,,107
CA,27,S001150,20104,Schiff,Adam,NA,1,1,2,1,1,2,,107
CA,29,S001150,20104,Schiff,Adam,NA,1,1,2,1,1,2,,"108, 109, 110, 111, 112"
CA,29,S001150,20104,Schiff,Adam,NA,1,1,2,1,1,2,,"108, 109, 110, 111, 112"
CA,31,S001153,20105,Solis,Hilda,L.,0,0,0,0,0,0,,107
CA,32,S001153,20105,Solis,Hilda,L.,0,0,0,0,0,0,,"108, 109, 110, 111"
CA,32,W000794,20106,Watson,Diane,Edith,0,0,0,0,0,0,,107
CA,33,W000794,20106,Watson,Diane,Edith,0,0,0,0,0,0,,"108, 109, 110, 111"
CA,48,I000056,20107,Issa,Darrell,NA,0,1,1,0,1,1,,107
CA,49,I000056,20107,Issa,Darrell,NA,0,1,1,0,1,1,,"108, 109, 110, 111, 112, 113, 114, 115"
CA,49,D000598,20108,Davis,Susan,A.,0,2,2,0,2,2,,107
CA,53,D000598,20108,Davis,Susan,A.,0,2,2,0,2,2,,"108, 109, 110, 111, 112, 113, 114, 115, 116"
CT,2,S001152,20109,Simmons,Robert,NA,1,1,2,1,1,2,,"107, 108, 109"
FL,1,M001144,20110,Miller,Jefferson,B.,0,2,2,0,2,2,,"107, 108, 109, 110, 111, 112, 113, 114"
FL,4,C001045,20111,Crenshaw,Ander,NA,1,1,2,1,1,2,,"107, 108, 109, 110, 111, 112, 113, 114"
FL,8,K000361,20112,Keller,Richard,NA,2,1,3,2,1,3,,"107, 108, 109, 110"
FL,12,P000586,20113,Putnam,Adam,NA,0,0,0,0,0,0,,"107, 108, 109, 110, 111"
ID,1,O000166,20114,Otter,C.,L.,3,1,4,3,1,4,,"107, 108, 109"
IL,10,K000360,20115,Kirk,Mark,Steven,0,0,0,0,0,0,,"107, 108, 109, 110, 111"
IL,15,J000285,20116,Johnson,Timothy,V.,5,4,9,5,4,9,,"107, 108, 109, 110, 111, 112"
IN,2,P000587,20117,Pence,Mike,NA,2,1,3,2,1,3,,107
IN,6,P000587,20117,Pence,Mike,NA,2,1,3,2,1,3,,"108, 109, 110, 111, 112"
IN,7,K000359,20118,Kerns,Brian,D.,3,2,5,3,2,5,,107
MA,9,L000562,20119,Lynch,Stephen,F.,1,0,1,1,0,1,,"107, 108, 109, 110, 111, 112"
MA,9,L000562,20119,Lynch,Stephen,F.,1,0,1,1,0,1,,"107, 108, 109, 110, 111, 112"
MI,8,R000572,20120,Rogers,Mike,NA,1,2,3,1,2,3,,"107, 108, 109, 110, 111, 112, 113"
MN,2,K000358,20121,Kennedy,Mark,NA,2,2,4,2,2,4,,107
MN,6,K000358,20121,Kennedy,Mark,NA,2,2,4,2,2,4,,"108, 109"
MN,4,M001143,20122,McCollum,Betty,NA,1,1,2,1,1,2,,"107, 108, 109, 110, 111, 112, 113, 114, 115, 116"
MO,2,A000358,20123,Akin,W.,Todd,2,4,6,2,4,6,,"107, 108, 109, 110, 111, 112"
MO,6,G000546,20124,Graves,Samuel,NA,2,1,3,2,1,3,,"107, 108, 109, 110, 111, 112, 113, 114, 115, 116"
MT,1,R000571,20125,Rehberg,Denny,NA,2,1,3,2,1,3,,"107, 108, 109, 110, 111, 112"
NE,3,O000165,20126,Osborne,Thomas,NA,2,1,3,2,1,3,,"107, 108, 109"
NJ,7,F000443,20127,Ferguson,Michael,NA,2,1,3,2,1,3,,"107, 108, 109, 110"
NY,1,G000547,20128,Grucci,Felix,J.,1,1,2,1,1,2,,107
NY,2,I000057,20129,Israel,Steve,NA,2,0,2,2,0,2,,"107, 108, 109, 110, 111, 112"
OH,12,T000462,20130,Tiberi,Patrick,NA,4,0,4,4,0,4,,"107, 108, 109, 110, 111, 112, 113, 114, 115"
OK,1,S001155,20131,Sullivan,John,NA,2,2,4,2,2,4,,"107, 108, 109, 110, 111, 112"
OK,2,C001044,20132,Carson,Brad,NA,0,0,0,0,0,0,,"107, 108"
PA,4,H001033,20133,Hart,Melissa,A.,0,0,0,0,0,0,,"107, 108, 109"
PA,9,S001154,20134,Shuster,William,NA,0,2,2,0,2,2,,"107, 108, 109, 110, 111, 112, 113, 114, 115"
PA,19,P000585,20135,Platts,Todd,NA,1,1,2,1,1,2,,"107, 108, 109, 110, 111, 112"
RI,2,L000559,20136,Langevin,James,NA,0,0,0,0,0,0,,"107, 108, 109, 110, 111, 112, 113, 114, 115, 116"
RI,2,L000559,20136,Langevin,James,NA,0,0,0,0,0,0,,"107, 108, 109, 110, 111, 112, 113, 114, 115, 116"
SC,1,B001235,20137,Brown,Henry,Edward,2,1,3,2,1,3,,"107, 108, 109, 110, 111"
SC,2,W000795,20138,Wilson,Addison,Graves,0,4,4,0,4,4,,"107, 108, 109, 110, 111, 112, 113, 114, 115, 116"
SC,2,W000795,20138,Wilson,Addison,Graves,0,4,4,0,4,4,,"107, 108, 109, 110, 111, 112, 113, 114, 115, 116"
TX,7,C001048,20139,Culberson,John,NA,1,0,1,1,0,1,,"107, 108, 109, 110, 111, 112, 113, 114, 115"
UT,2,M001142,20140,Matheson,James,David,0,2,2,0,2,2,,"107, 108, 109, 110, 111, 112"
VA,1,D000597,20141,Davis,Jo,Ann,0,2,2,0,2,2,,"107, 108, 109, 110"
VA,2,S001151,20142,Schrock,Edward,NA,0,1,1,0,1,1,,"107, 108"
VA,4,F000445,20143,Forbes,J.,Randy,1,3,4,1,3,4,,"107, 108, 109, 110, 111, 112, 113, 114"
VA,7,C001046,20144,Cantor,Eric,NA,1,2,3,1,2,3,,"107, 108, 109, 110, 111, 112, 113"
WA,2,L000560,20145,Larsen,Richard,Ray,0,2,2,0,2,2,,"107, 108, 109, 110, 111, 112, 113, 114, 115, 116"
WV,2,C001047,20146,Capito,Shelley,Moore,1,2,3,1,2,3,,"107, 108, 109, 110, 111, 112, 113"
MO,1,C001049,20147,Clay,William,Lacy,1,1,2,1,1,2,,"107, 108, 109, 110, 111, 112, 113, 114, 115, 116"
AL,1,B001244,20300,Bonner,Josiah,Robins,1,1,2,1,1,2,,"108, 109, 110, 111, 112, 113"
AL,3,R000575,20301,Rogers,Michael,Dennis,1,2,3,1,2,3,,"108, 109, 110, 111, 112, 113, 114, 115, 116"
AL,7,D000602,20302,Davis,Artur,NA,0,0,0,0,0,0,,"108, 109, 110, 111"
AZ,1,R000574,20303,Renzi,Rick,NA,7,5,12,7,5,12,,"108, 109, 110"
AZ,2,F000448,20304,Franks,Trent,NA,1,1,2,1,1,2,,"108, 109, 110, 111, 112"
AZ,7,G000551,20305,Grijalva,Raul,M.,3,0,3,3,0,3,,"108, 109, 110, 111, 112"
CA,18,C001050,20306,Cardoza,Dennis,A.,3,1,4,3,1,4,,"108, 109, 110, 111, 112"
CA,21,N000181,20307,Nunes,Devin,NA,3,0,3,3,0,3,,"108, 109, 110, 111, 112"
CA,39,S001156,20310,Sanchez,Linda,T.,0,1,1,0,1,1,,"108, 109, 110, 111, 112"
CA,39,S001156,20310,Sanchez,Linda,T.,0,1,1,0,1,1,,"108, 109, 110, 111, 112"
CO,4,M001152,20311,Musgrave,Marilyn,N,2,2,4,2,2,4,,"108, 109, 110"
CO,7,B001240,20312,Beauprez,Bob,NA,1,3,4,1,3,4,,"108, 109"
FL,5,B001247,20313,Brown-Waite,Virginia,NA,3,0,3,3,0,3,,"108, 109, 110, 111"
FL,13,H001035,20314,Harris,Katherine,NA,1,0,1,1,0,1,,"108, 109"
FL,24,F000447,20315,Feeney,Tom,NA,0,2,2,0,2,2,,"108, 109, 110"
FL,25,D000600,20316,Diaz-Balart,Mario,NA,0,0,0,0,0,0,,"108, 109, 110, 111, 113, 114, 115, 116"
FL,25,D000600,20316,Diaz-Balart,Mario,NA,0,2,2,0,2,2,,"108, 109, 110, 111, 113, 114, 115, 116"
GA,3,M001146,20317,Marshall,Jim,NA,1,1,2,1,1,2,,"108, 109"
GA,4,M001145,20318,Majette,Denise,L.,0,2,2,0,2,2,,108
GA,11,G000550,20319,Gingrey,Phil,NA,2,2,4,2,2,4,,"108, 109, 110, 111, 112, 113"
GA,12,B001249,20320,Burns,Max,NA,0,2,2,0,2,2,,108
GA,13,S001157,20321,Scott,David,NA,2,0,2,2,0,2,,"108, 109, 110, 111, 112, 113, 114, 115, 116"
HI,2,C001055,20322,Case,Ed,NA,1,3,4,1,3,4,,"108, 109"
IL,5,E000287,20323,Emanuel,Rahm,NA,2,1,3,2,1,3,,"108, 109, 110"
IN,2,C001052,20324,Chocola,Chris,NA,1,1,2,1,1,2,,"108, 109"
IA,5,K000362,20325,King,Steve,NA,0,3,3,0,3,3,,"108, 109, 110, 111, 112"
KY,6,C001058,20326,Chandler,A.,B.,1,2,3,1,2,3,,"108, 109, 110, 111, 112"
LA,5,A000361,20327,Alexander,Rodney,NA,2,1,3,2,1,3,,108
ME,2,M001149,20328,Michaud,Michael,H.,0,0,0,0,0,0,,"108, 109, 110, 111, 112, 113"
MD,2,R000576,20329,Ruppersberger,C. A.,Dutch,1,1,2,1,1,2,,"108, 109, 110, 111, 112, 113, 114, 115, 116"
MD,8,V000128,20330,Van Hollen,Christopher,NA,1,2,3,1,2,3,,"108, 109, 110, 111, 112, 113, 114"
MI,10,M001150,20331,Miller,Candice,S.,1,0,1,1,0,1,,"108, 109, 110, 111, 112, 113, 114"
MI,11,M001147,20332,McCotter,Thaddeus,George,1,2,3,1,2,3,,"108, 109, 110, 111, 112"
MN,2,K000363,20333,Kline,John,NA,1,1,2,1,1,2,,"108, 109, 110, 111, 112, 113, 114"
NV,3,P000589,20334,Porter,Jon,C.,1,1,2,1,1,2,,"108, 109, 110"
NH,1,B001246,20335,Bradley,Jeb,NA,2,2,4,2,2,4,,"108, 109"
NJ,5,G000548,20336,Garrett,Scott,NA,2,0,2,2,0,2,,"108, 109, 110, 111, 112, 113, 114"
NM,2,P000588,20337,Pearce,Stevan,NA,1,0,1,1,0,1,,"108, 109, 110, 112, 113, 114, 115"
NY,1,B001242,20338,Bishop,Timothy,H.,2,0,2,2,0,2,,"108, 109, 110, 111, 112, 113"
NC,1,B001238,20339,Ballance,Frank,W.,2,1,3,2,1,3,,108
NC,1,B001251,20340,Butterfield,George,Kenneth,3,0,3,3,0,3,,"108, 109, 110, 111, 112, 113, 114, 115, 116"
NC,1,B001251,20340,Butterfield,George,Kenneth,3,0,3,3,0,3,,"108, 109, 110, 111, 112, 113, 114, 115, 116"
NC,13,M001154,20341,Miller,Brad,NA,0,0,0,0,0,0,,"108, 109, 110, 111, 112"
OH,3,T000463,20342,Turner,Michael,R.,2,0,2,2,0,2,,"108, 109, 110, 111, 112"
OH,17,R000577,20343,Ryan,Timothy,J.,0,1,1,0,1,1,,"108, 109, 110, 111, 112"
OH,17,R000577,20343,Ryan,Timothy,J.,0,1,1,0,1,1,,"108, 109, 110, 111, 112"
OK,4,C001053,20344,Cole,Tom,NA,0,1,1,0,1,1,,"108, 109, 110, 111, 112, 113, 114, 115, 116"
PA,6,G000549,20345,Gerlach,Jim,NA,1,2,3,1,2,3,,"108, 109, 110, 111, 112, 113"
PA,18,M001151,20346,Murphy,Timothy,NA,1,0,1,1,0,1,,"108, 109, 110, 111, 112, 113, 114, 115"
SC,3,B001239,20347,Barrett,James,Gresham,1,2,3,1,2,3,,"108, 109, 110, 111"
SD,1,J000286,20348,Janklow,William,J.,2,1,3,2,1,3,,108
SD,1,H001037,20349,Herseth Sandlin,Stephanie,NA,0,1,1,0,1,1,,"108, 109, 110, 111"
TN,4,D000599,20350,Davis,Lincoln,NA,3,0,3,3,0,3,,"108, 109, 110, 111"
TN,7,B001243,20351,Blackburn,Marsha,NA,1,1,2,1,1,2,,"108, 109, 110, 111, 112, 113, 114, 115"
TX,5,H001036,20352,Hensarling,Jeb,NA,1,1,2,1,1,2,,"108, 109, 110, 111, 112, 113, 114, 115"
TX,19,N000182,20353,Neugebauer,Randy,NA,0,2,2,0,2,2,,"108, 109, 110, 111, 112, 113, 114"
TX,25,B001241,20354,Bell,Chris,NA,0,2,2,0,2,2,,108
TX,26,B001248,20355,Burgess,Michael,C.,1,2,3,1,2,3,,"108, 109, 110, 111, 112, 113, 114, 115, 116"
TX,26,B001248,20355,Burgess,Michael,C.,1,2,3,1,2,3,,"108, 109, 110, 111, 112, 113, 114, 115, 116"
TX,31,C001051,20356,Carter,John,R.,2,2,4,2,2,4,,"108, 109, 110, 111, 112, 113, 114, 115, 116"
UT,1,B001250,20357,Bishop,Robert,NA,1,4,5,1,4,5,,"108, 109, 110, 111, 112, 113, 114, 115, 116"
FL,17,M001148,20358,Meek,Kendrick,B.,1,1,2,1,1,2,,"108, 109, 110, 111"
AL,5,C000868,29100,Cramer,Robert,E.,1,0,1,1,0,1,,"102, 103, 104, 105, 106, 107, 108, 109, 110"
AZ,2,P000099,29101,Pastor,Ed,NA,2,0,2,2,0,2,,"102, 103, 104, 105, 106, 107"
AZ,4,P000099,29101,Pastor,Ed,NA,2,0,2,2,0,2,,"108, 109, 110, 111, 112"
CA,4,D000429,29104,Doolittle,John,Taylor,1,1,2,1,1,2,,"103, 104, 105, 106, 107, 108, 109, 110"
CA,20,D000424,29105,Dooley,Calvin,M.,2,0,2,2,0,2,,"103, 104, 105, 106, 107, 108"
CA,35,W000187,29106,Waters,Maxine,NA,1,1,2,1,1,2,,"103, 104, 105, 106, 107, 108, 109, 110, 111, 112"
CA,51,C000994,29107,Cunningham,Randall,NA,2,1,3,2,1,3,,"103, 104, 105, 106, 107"
CA,50,C000994,29107,Cunningham,Randall,NA,2,1,3,2,1,3,,"108, 109"
CT,3,D000216,29109,Delauro,Rosa,L.,2,1,3,2,1,3,,"102, 103, 104, 105, 106, 107, 108, 109, 110, 111, 112, 113, 114, 115, 116"
IL,15,E000282,29115,Ewing,Thomas,W.,4,2,6,4,2,6,,"102, 103, 104, 105, 106"
IN,3,R000385,29117,Roemer,Timothy,John,2,2,4,2,2,4,,"102, 103, 104, 105, 106, 107"
IA,2,N000172,29118,Nussle,James,Allen,1,1,2,1,1,2,,"102, 103, 104, 105, 106, 107"
IA,1,N000172,29118,Nussle,James,Allen,1,1,2,1,1,2,,"108, 109"
LA,2,J000070,29120,Jefferson,William,Jennings,5,0,5,5,0,5,,"102, 103, 104, 105, 106, 107, 108, 109, 110"
MD,1,G000180,29122,Gilchrest,Wayne,Thomas,1,2,3,1,2,3,,"102, 103, 104, 105, 106, 107, 108, 109, 110"
MA,1,O000085,29123,Olver,John,Walter,1,0,1,1,0,1,,"102, 103, 104, 105, 106, 107, 108, 109, 110, 111, 112"
MI,4,C000071,29124,Camp,David,Lee,2,1,3,2,1,3,,"103, 104, 105, 106, 107, 108, 109, 110, 111, 112, 113"
MN,3,R000033,29126,Ramstad,James,NA,0,0,0,0,0,0,,"102, 103, 104, 105, 106, 107, 108, 109, 110"
MN,7,P000258,29127,Peterson,Collin,Clark,0,3,3,0,3,3,,"102, 103, 104, 105, 106, 107, 108, 109, 110, 111, 112, 113, 114, 115, 116"
NE,3,B000179,29129,Barrett,William,E.,2,2,4,2,1,3,non-biological son died during MC's final term,"102, 103, 104, 105, 106"
NJ,1,A000210,29132,Andrews,Robert,Ernest,2,0,2,2,0,2,,"102, 103, 104, 105, 106, 107, 108, 109, 110, 111, 112, 113"
NY,16,S000248,29134,Serrano,Jose,E.,2,3,5,2,3,5,,"103, 104, 105, 106, 107, 108, 109, 110, 111, 112"
NC,11,T000067,29135,Taylor,Charles,Hart,0,3,3,0,3,3,,"102, 103, 104, 105, 106, 107, 108, 109"
OH,7,H000666,29136,Hobson,David,Lee,2,1,3,2,1,3,,"102, 103, 104, 105, 106, 107, 108, 109, 110"
OH,8,B000589,29137,Boehner,John,Andrew,2,0,2,2,0,2,,"102, 103, 104, 105, 106, 107, 108, 109, 110, 111, 112, 113, 114"
TX,3,J000174,29143,Johnson,Sam,NA,2,1,3,2,1,3,,"102, 103, 104, 105, 106, 107, 108, 109, 110, 111, 112, 113, 114, 115"
TX,11,E000063,29144,Edwards,Thomas,Chester,0,2,2,0,2,2,,"102, 103, 104, 105, 106, 107, 108"
VT,1,S000033,29147,Sanders,Bernard,NA,2,2,4,2,2,4,,"102, 103, 104, 105, 106, 107, 108, 109"
VA,8,M000933,29149,Moran,James,P.,2,3,5,2,3,5,,"102, 103, 104, 105, 106, 107, 108, 109, 110, 111, 112, 113"
WI,2,K000274,29150,Klug,Scott,L.,0,3,3,0,3,3,,"102, 103, 104, 105"
AL,2,E000268,29300,Everett,Robert,Terry,0,0,0,0,0,0,,"103, 104, 105, 106, 107, 108, 109, 110"
AL,6,B000013,29301,Bachus,Spencer,T.,2,3,5,2,3,5,,"103, 104, 105, 106, 107, 108, 109, 110, 111, 112, 113"
AL,7,H000621,29302,Hilliard,Earl,Frederick,1,1,2,1,1,2,,"103, 104, 105, 106, 107"
AR,4,D000312,29307,Dickey,Jay,W.,3,2,5,3,2,5,,"103, 104, 105, 106"
CA,6,W000738,29309,Woolsey,Lynn,C.,1,3,4,1,3,4,,"103, 104, 105, 106, 107, 108, 109, 110, 111, 112"
CA,11,P000419,29311,Pombo,Richard,William,2,1,3,2,1,3,,"103, 104, 105, 106, 107, 108, 109"
CA,14,E000215,29312,Eshoo,Anna,Georges,1,1,2,1,1,2,,"103, 104, 105, 106, 107, 108, 109, 110, 111, 112"
CA,17,F000030,29313,Farr,Sam,NA,1,0,1,1,0,1,,"103, 104, 105, 106, 107, 108, 109, 110, 111, 112"
CA,25,M000508,29315,McKeon,Howard,P.,3,3,6,3,3,6,,"103, 104, 105, 106, 107, 108, 109, 110, 111, 112, 113"
CA,30,B000287,29316,Becerra,Xavier,NA,3,0,3,3,0,3,,"103, 104, 105, 106, 107"
CA,31,B000287,29316,Becerra,Xavier,NA,3,0,3,3,0,3,,"108, 109, 110, 111, 112"
CA,33,R000486,29317,Roybal-Allard,Lucille,NA,2,2,4,1,1,2,2 stepchildren,"103, 104, 105, 106, 107"
CA,34,R000486,29317,Roybal-Allard,Lucille,NA,2,2,4,1,1,2,2 stepchildren,"108, 109, 110, 111, 112"
CA,36,H000213,29318,Harman,Jane,L.,2,2,4,2,2,4,,"103, 104, 105, 107, 108, 109, 110, 111, 112"
CA,38,H000789,29320,Horn,John,Stephen,1,1,2,1,1,2,,"103, 104, 105, 106, 107"
CA,39,R000487,29321,Royce,Edward,Randall,0,0,0,0,0,0,,"103, 104, 105, 106, 107, 113, 114, 115"
CA,40,R000487,29321,Royce,Edward,Randall,0,0,0,0,0,0,,"108, 109, 110, 111, 112"
CA,41,K000181,29322,Kim,Jay,C.,1,2,3,1,2,3,,"103, 104, 105"
CA,43,C000059,29323,Calvert,Ken,NA,0,0,0,0,0,0,,"103, 104, 105, 106, 107"
CA,43,C000059,29323,Calvert,Ken,NA,0,0,0,0,0,0,,"103, 104, 105, 106, 107"
CA,44,C000059,29323,Calvert,Ken,NA,0,0,0,0,0,0,,"108, 109, 110, 111, 112"
CA,44,C000059,29323,Calvert,Ken,NA,0,0,0,0,0,0,,"108, 109, 110, 111, 112"
CA,50,F000116,29325,Filner,Bob,NA,1,1,2,1,1,2,,"103, 104, 105, 106, 107"
CA,51,F000116,29325,Filner,Bob,NA,1,1,2,1,1,2,,"108, 109, 110, 111, 112"
CO,3,M000477,29326,McInnis,Scott,NA,2,1,3,2,1,3,,"103, 104, 105, 106, 107, 108"
DE,1,C000243,29327,Castle,Michael,Newbold,0,0,0,0,0,0,,"103, 104, 105, 106, 107, 108, 109, 110, 111"
FL,3,B000911,29328,Brown,Corrine,NA,1,0,1,1,0,1,,"103, 104, 105, 106, 107, 108, 109, 110, 111, 112"
FL,4,F000328,29329,Fowler,Tillie,Kidd,2,0,2,2,0,2,,"103, 104, 105, 106"
FL,5,T000253,29330,Thurman,Karen,L.,1,1,2,1,1,2,,"103, 104, 105, 106, 107"
FL,7,M000689,29331,Mica,John,L.,1,1,2,1,1,2,,"103, 104, 105, 106, 107, 108, 109, 110, 111, 112, 113, 114"
FL,12,C000107,29332,Canady,Charles,Terrance,1,0,1,1,0,1,,"103, 104, 105, 106"
FL,13,M000720,29333,Miller,Daniel,NA,1,1,2,1,1,2,,"103, 104, 105, 106, 107"
FL,17,M000628,29334,Meek,Carrie,P.,2,1,3,0,1,1,2 stepdaughters,"103, 104, 105, 106, 107"
FL,20,D000275,29335,Deutsch,Peter,R.,1,1,2,1,1,2,,"103, 104, 105, 106, 107, 108"
FL,21,D000299,29336,Diaz-Balart,Lincoln,NA,0,2,2,0,2,2,,"103, 104, 105, 106, 107, 108, 109, 110, 111"
FL,23,H000324,29337,Hastings,Alcee,Lamar,2,1,3,2,1,3,,"103, 104, 105, 106, 107, 108, 109, 110, 111, 112"
GA,1,K000220,29338,Kingston,Jack,NA,2,2,4,2,2,4,,"103, 104, 105, 106, 107, 108, 109, 110, 111, 112, 113"
GA,2,B000490,29339,Bishop,Sanford,Dixon,1,0,1,1,0,1,,"103, 104, 105, 106, 107, 108, 109, 110, 111, 112, 113, 114, 115, 116"
GA,2,B000490,29339,Bishop,Sanford,Dixon,1,0,1,1,0,1,,"103, 104, 105, 106, 107, 108, 109, 110, 111, 112, 113, 114, 115, 116"
GA,3,C000640,29340,Collins,Michael,Allen,2,2,4,2,2,4,,"103, 104, 105, 106, 107"
GA,8,C000640,29340,Collins,Michael,Allen,2,2,4,2,2,4,,108
GA,11,L000321,29341,Linder,John,Elmer,1,1,2,1,1,2,,"105, 106, 107"
GA,7,L000321,29341,Linder,John,Elmer,1,1,2,1,1,2,,"108, 109, 110, 111"
GA,4,M000523,29344,McKinney,Cynthia,Ann,0,1,1,0,1,1,,"105, 106, 107, 109"
ID,2,C000880,29345,Crapo,Michael,Dean,3,2,5,3,2,5,,"103, 104, 105"
IL,1,R000515,29346,Rush,Bobby,L.,1,4,5,1,4,5,,"103, 104, 105, 106, 107, 108, 109, 110, 111, 112, 113, 114, 115, 116"
IL,4,G000535,29348,Gutierrez,Luis,V.,2,0,2,2,0,2,,"103, 104, 105, 106, 107, 108, 109, 110, 111, 112, 113, 114, 115"
IL,16,M001138,29349,Manzullo,Donald,A.,2,1,3,1,2,3,,"103, 104, 105, 106, 107, 108, 109, 110, 111, 112"
IN,5,B001203,29350,Buyer,Stephen,Earle,1,1,2,1,1,2,,"103, 104, 105, 106, 107"
IN,4,B001203,29350,Buyer,Stephen,Earle,1,1,2,1,1,2,,"108, 109, 110, 111"
KY,2,L000293,29352,Lewis,Ron,NA,1,1,2,1,1,2,,"103, 104, 105, 106, 107, 108, 109, 110"
KY,6,B000028,29353,Baesler,Henry,Scott,1,1,2,1,1,2,,"103, 104, 105"
MD,4,W000784,29355,Wynn,Albert,Russell,2,0,2,2,0,2,,"103, 104, 105, 106, 107, 108, 109, 110"
MD,6,B000208,29356,Bartlett,Roscoe,Gardner,4,6,10,4,6,10,unclear if any are non-biological,"103, 104, 105, 106, 107, 108, 109, 110, 111, 112"
MA,5,M000627,29358,Meehan,Martin,Thomas,0,1,1,0,2,2,,"103, 104, 105, 106, 107, 108, 109, 110"
MI,1,S001045,29360,Stupak,Bart,T.,0,2,2,0,2,2,,"103, 104, 105, 106, 107, 108, 109, 110, 111"
MI,2,H000676,29361,Hoekstra,Peter,NA,2,1,3,2,1,3,,"103, 104, 105, 106, 107, 108, 109, 110, 111"
MI,3,E000092,29362,Ehlers,Vernon,James,2,2,4,2,2,4,,"103, 104, 105, 106, 107, 108, 109, 110, 111"
MI,5,B000134,29363,Barcia,James,A.,0,0,0,0,0,0,,"103, 104, 105, 106, 107"
MI,7,S000597,29364,Smith,Nick,H.,3,1,4,3,1,4,,"103, 104, 105, 106, 107, 108"
MI,11,K000288,29365,Knollenberg,Joseph,NA,0,2,2,0,2,2,,"103, 104, 105, 106, 107"
MI,9,K000288,29365,Knollenberg,Joseph,NA,0,2,2,0,2,2,,"108, 109, 110"
MN,2,M000795,29366,Minge,David,R.,0,2,2,0,2,2,,"103, 104, 105, 106"
MS,2,T000193,29368,Thompson,Bennie,NA,1,0,1,1,0,1,,"103, 104, 105, 106, 107, 108, 109, 110, 111, 112, 113, 114, 115, 116"
MO,2,T000024,29369,Talent,James,Matthes,2,1,3,2,1,3,,"103, 104, 105, 106"
MO,6,D000046,29370,Danner,Patsy,Ann,2,2,4,2,2,4,,"103, 104, 105, 106"
NJ,7,F000349,29371,Franks,Robert,Douglas,3,0,3,3,0,3,,"103, 104, 105, 106"
NJ,13,M000639,29373,Menendez,Robert,NA,1,1,2,1,1,2,,"103, 104, 105, 106, 107, 108, 109"
NY,2,L000155,29374,Lazio,Enrico,A.,2,0,2,2,0,2,,"103, 104, 105, 106"
NY,3,K000210,29375,King,Peter,T.,1,1,2,1,1,2,,"103, 104, 105, 106, 107, 108, 109, 110, 111, 112"
NY,8,N000002,29377,Nadler,Jerrold,Lewis,0,1,1,0,1,1,,"103, 104, 105, 106, 107, 108, 109, 110, 111, 112"
NY,8,N000002,29377,Nadler,Jerrold,Lewis,0,1,1,0,1,1,,"103, 104, 105, 106, 107, 108, 109, 110, 111, 112"
NY,12,V000081,29378,Velazquez,Nydia,M.,0,0,0,0,0,0,,"103, 104, 105, 106, 107, 108, 109, 110, 111, 112"
NY,12,V000081,29378,Velazquez,Nydia,M.,0,0,0,0,0,0,,"103, 104, 105, 106, 107, 108, 109, 110, 111, 112"
NY,14,M000087,29379,Maloney,Carolyn,Bosher,2,0,2,2,0,2,,"103, 104, 105, 106, 107, 108, 109, 110, 111, 112"
NY,26,H000627,29380,Hinchey,Maurice,Dunlea,1,2,3,1,2,3,,"103, 104, 105, 106, 107"
NY,22,H000627,29380,Hinchey,Maurice,Dunlea,1,2,3,1,2,3,,"108, 109, 110, 111, 112"
NY,30,Q000016,29381,Quinn,John,Francis,1,1,2,1,1,2,,"103, 104, 105, 106, 107"
NY,27,Q000016,29381,Quinn,John,Francis,1,1,2,1,1,2,,108
NC,1,C000494,29382,Clayton,Eva,M.,1,3,4,1,3,4,,"103, 104, 105, 106, 107"
NC,12,W000207,29383,Watt,Melvin,L.,0,2,2,0,2,2,,"103, 104, 105, 106, 107, 108, 109, 110, 111, 112, 113"
ND,1,P000422,29384,Pomeroy,Earl,Ralph,1,1,2,1,1,2,,"103, 104, 105, 106, 107, 108, 109, 110, 111"
OH,2,P000449,29386,Portman,Robert,Jones,1,2,3,1,2,3,,"103, 104, 105, 106, 107, 108, 109"
OH,13,B000944,29389,Brown,Sherrod,NA,2,0,2,2,0,2,,"103, 104, 105, 106, 107, 108, 109"
OH,15,P000555,29390,Pryce,Deborah,D.,1,1,2,1,1,2,,"103, 104, 105, 106, 107, 108, 109, 110"
OK,5,I000047,29392,Istook,Ernest,James,3,2,5,3,2,5,,"103, 104, 105, 106, 107, 108, 109"
OK,6,L000491,29393,Lucas,Frank,D.,2,1,3,2,1,3,,"103, 104, 105, 106, 107"
OK,3,L000491,29393,Lucas,Frank,D.,2,1,3,2,1,3,,"108, 109, 110, 111, 112, 113, 114, 115, 116"
OR,1,F000434,29394,Furse,Elizabeth,NA,1,1,2,1,1,2,,"103, 104, 105"
PA,4,K000270,29395,Klink,Ronald,NA,1,1,2,1,1,2,,"103, 104, 105, 106"
PA,6,H000712,29396,Holden,Thomas,Timothy,0,0,0,0,0,0,,"103, 104, 105, 106, 107"
PA,17,H000712,29396,Holden,Thomas,Timothy,0,0,0,0,0,0,,"108, 109, 110, 111, 112"
PA,8,G000439,29397,Greenwood,James,Charles,2,2,4,2,2,4,,"103, 104, 105, 106, 107, 108"
PA,15,M000466,29399,McHale,Paul,F.,1,2,3,1,2,3,,"103, 104, 105"
AZ,1,S000018,29500,Salmon,Matthew,James,2,2,4,2,2,4,,"104, 105, 106"
AZ,4,S000275,29501,Shadegg,John,B.,1,1,2,1,1,2,,"104, 105, 106, 107"
AZ,3,S000275,29501,Shadegg,John,B.,1,1,2,1,1,2,,"108, 109, 110, 111"
AZ,6,H000413,29502,Hayworth,John,D.,2,1,3,2,1,3,,"104, 105, 106, 107"
AZ,5,H000413,29502,Hayworth,John,D.,2,1,3,2,1,3,,"108, 109"
CA,16,L000397,29504,Lofgren,Zoe,NA,1,1,2,1,1,2,,"104, 105, 106, 107, 108, 109, 110, 111, 112"
CA,19,R000004,29505,Radanovich,George,P.,0,0,0,0,0,0,,"104, 105, 106, 107, 108, 109, 110, 111"
CA,44,B000622,29507,Bono,Sonny,NA,1,1,2,1,1,2,2 stepdaughters,"104, 105"
CA,49,B000461,29508,Bilbray,Brian,P.,3,2,5,3,2,5,,"104, 105, 106"
FL,15,W000267,29509,Weldon,David,Joseph,1,1,2,1,1,2,,"104, 105, 106, 107, 108, 109, 110"
FL,16,F000238,29510,Foley,Mark,A.,0,0,0,0,0,0,,"104, 105, 106, 107, 108, 109"
GA,7,B000169,29511,Barr,Bob,NA,1,3,4,1,3,4,,"104, 105, 106, 107"
GA,8,C000286,29512,Chambliss,Saxby,NA,1,1,2,1,1,2,,"104, 105, 106, 107"
GA,10,N000159,29513,Norwood,Charles,W.,0,2,2,0,2,2,,"104, 105, 106, 107, 110"
GA,9,N000159,29513,Norwood,Charles,W.,0,2,2,0,2,2,,"108, 109"
ID,1,C000345,29514,Chenoweth-Hage,Helen,P.,1,1,2,1,1,2,,"104, 105, 106"
IL,11,W000273,29516,Weller,Gerald,C.,0,0,0,0,0,0,,"104, 105, 106, 107, 108, 109, 110"
IL,18,L000552,29517,Lahood,Ray,H.,2,2,4,2,2,4,,"104, 105, 106, 107, 108, 109, 110"
IN,2,M000481,29518,McIntosh,David,Martin,1,0,1,1,0,1,,"104, 105, 106"
IN,4,S001143,29519,Souder,Mark,Edward,1,2,3,1,2,3,,"104, 105, 106, 107"
IN,3,S001143,29519,Souder,Mark,Edward,1,2,3,1,2,3,,"108, 109, 110, 111"
IN,8,H000807,29520,Hostettler,John,Nathan,2,2,4,2,2,4,,"104, 105, 106, 107, 108, 109"
IA,4,G000041,29521,Ganske,Greg,NA,2,1,3,2,1,3,,"104, 105, 106, 107"
IA,5,L000111,29522,Latham,Thomas,NA,2,1,3,2,1,3,,"104, 105, 106, 107"
IA,4,L000111,29522,Latham,Thomas,NA,2,1,3,2,1,3,,"108, 109, 110, 111, 112"
KS,4,T000260,29524,Tiahrt,Todd,NA,1,2,3,1,2,3,,"104, 105, 106, 107, 108, 109, 110, 111"
KY,1,W000413,29525,Whitfield,Wayne,Edward,1,0,1,1,0,1,,"104, 105, 106, 107, 108, 109, 110, 111, 112, 113, 114"
ME,2,B000081,29528,Baldacci,John,Elias,0,1,1,0,1,1,,"104, 105, 106, 107"
MD,2,E000093,29529,Ehrlich,Robert,L.,0,2,2,0,2,2,,"104, 105, 106, 107"
MI,13,R000281,29531,Rivers,Lynn,Nancy,2,0,2,2,0,2,,"104, 105, 106, 107"
MN,1,G000536,29532,Gutknecht,Gilbert,W.,2,1,3,2,1,3,,"104, 105, 106, 107, 108, 109"
MN,6,L000521,29533,Luther,William,Paul,1,1,2,1,1,2,,"104, 105, 106, 107"
MS,1,W000437,29534,Wicker,Roger,F.,2,1,3,2,1,3,,"104, 105, 106, 107, 108, 109, 110"
MO,5,M000316,29535,McCarthy,Karen,NA,0,0,0,0,0,0,,"104, 105, 106, 107, 108"
NE,2,C000377,29536,Christensen,Jon,Lynn,0,0,0,0,0,0,,"104, 105"
NV,1,E000194,29537,Ensign,John,Eric,1,1,2,1,1,2,,"104, 105"
NH,2,B000220,29538,Bass,Charles,Foster,1,1,2,1,1,2,,"104, 105, 106, 107, 108, 109, 112"
NJ,2,L000554,29539,Lobiondo,Frank,A.,2,0,2,2,0,2,,"104, 105, 106, 107, 108, 109, 110, 111, 112, 113, 114, 115"
NJ,11,F000372,29541,Frelinghuysen,Rodney,P.,2,0,2,2,0,2,,"104, 105, 106, 107, 108, 109, 110, 111, 112, 113, 114, 115"
NY,1,F000257,29542,Forbes,Michael,Patrick,1,2,3,1,2,3,,"104, 105, 106"
NY,19,K000078,29544,Kelly,Sue,W.,1,3,4,1,3,4,,"104, 105, 106, 107, 108, 109"
NC,3,J000255,29546,Jones,Walter,Beaman,1,0,1,1,0,1,,"104, 105, 106, 107, 108, 109, 110, 111, 112, 113, 114, 115, 116"
NC,5,B001135,29548,Burr,Richard,M.,0,2,2,0,2,2,,"104, 105, 106, 107, 108"
NC,9,M001134,29549,Myrick,Sue,NA,3,2,5,3,2,5,,"104, 105, 106, 107, 108, 109, 110, 111, 112"
OH,1,C000266,29550,Chabot,Steve,NA,1,1,2,1,1,2,,"104, 105, 106, 107, 108, 109, 110, 112, 113, 114, 115, 116"
OH,18,N000081,29552,Ney,Robert,William,1,1,2,1,1,2,,"104, 105, 106, 107, 108, 109"
OH,19,L000553,29553,Latourette,Steven,C.,3,1,4,3,1,4,,"104, 105, 106, 107"
OH,14,L000553,29553,Latourette,Steven,C.,3,1,4,3,1,4,,"108, 109, 110, 111, 112"
OK,1,L000096,29554,Largent,Steve,NA,1,3,4,1,3,4,,"104, 105, 106, 107"
OK,2,C000560,29555,Coburn,Thomas,Allen,3,0,3,3,0,3,,"104, 105, 106"
OK,4,W000210,29556,Watts,Julius,Caesar,3,2,5,3,2,5,,"104, 105, 106, 107"
PA,2,F000043,29559,Fattah,Chaka,NA,2,1,3,2,1,3,,"104, 105, 106, 107, 108, 109, 110, 111, 112, 113, 114"
PA,13,F000332,29560,Fox,Jon,D.,0,1,1,0,1,1,,"104, 105"
PA,18,D000482,29561,Doyle,Michael,F.,1,3,4,1,3,4,,"104, 105, 106, 107, 116"
PA,14,D000482,29561,Doyle,Michael,F.,1,3,4,1,3,4,,"108, 109, 110, 111, 112, 113, 114, 115"
PA,20,M000212,29562,Mascara,Frank,R.,1,3,4,1,3,4,,"104, 105, 106, 107"
PA,21,E000187,29563,English,Philip,Sheridan,0,0,0,0,0,0,,"104, 105, 106, 107"
PA,3,E000187,29563,English,Philip,Sheridan,0,0,0,0,0,0,,"108, 109, 110"
RI,1,K000113,29564,Kennedy,Patrick,Joseph,0,0,0,0,0,0,,"104, 105, 106, 107, 108, 109, 110, 111"
SC,1,S000051,29565,Sanford,Mark,NA,0,4,4,0,4,4,,"104, 105, 106, 113, 114, 115"
SC,3,G000359,29566,Graham,Lindsey,O.,0,0,0,0,0,0,,"104, 105, 106, 107"
TN,3,W000119,29567,Wamp,Zachary,Paul,1,1,2,1,1,2,,"104, 105, 106, 107, 108, 109, 110, 111"
TN,4,H000615,29568,Hilleary,Van,NA,0,0,0,0,0,0,,"104, 105, 106, 107"
TN,7,B000996,29569,Bryant,Ed,NA,0,3,3,0,3,3,,"104, 105, 106, 107"
TX,10,D000399,29571,Doggett,Lloyd,Alton,2,0,2,2,0,2,,"104, 105, 106, 107, 108"
TX,13,T000238,29572,Thornberry,William,McClellan,1,1,2,1,1,2,,"104, 105, 106, 107, 108, 109, 110, 111, 112, 113, 114, 115, 116"
TX,18,J000032,29573,Jackson Lee,Sheila,NA,1,1,2,1,1,2,,"104, 105, 106, 107, 108, 109, 110, 111, 112, 113, 114, 115, 116"
TX,25,B000400,29574,Bentsen,Kenneth,E.,2,0,2,2,0,2,,"104, 105, 106, 107"
VA,11,D000136,29576,Davis,Thomas,M.,2,1,3,2,1,3,,"104, 105, 106, 107, 108, 109, 110"
WA,1,W000391,29577,White,Richard,Alan,3,1,4,3,1,4,,"104, 105"
WA,2,M000669,29578,Metcalf,Jack,NA,4,0,4,4,0,4,,"104, 105, 106"
WA,3,S000587,29579,Smith,Linda,NA,1,1,2,1,1,2,,"104, 105"
WA,4,H000329,29580,Hastings,Richard,Norman,2,1,3,2,1,3,,"104, 105, 106, 107, 108, 109, 110, 111, 112, 113"
WA,5,N000051,29581,Nethercutt,George,R.,1,1,2,1,1,2,,"104, 105, 106, 107, 108"
WI,1,N000054,29583,Neumann,Mark,W.,1,2,3,1,2,3,,"104, 105"
WY,1,C000962,29584,Cubin,Barbara,L.,0,2,2,0,2,2,,"104, 105, 106, 107, 108, 109, 110"
IL,2,J000283,29585,Jackson,Jesse,L.,1,0,1,1,0,1,,"104, 105, 106, 107, 108, 109, 110, 111, 112"
CA,37,M000714,29586,Millender-McDonald,Juanita,NA,3,1,4,3,1,4,,"104, 105, 106, 107, 108, 109, 110"
MD,7,C000984,29587,Cummings,Elijah,Eugene,2,1,3,2,1,3,,"104, 105, 106, 107, 108, 109, 110, 111, 112, 113, 114, 115, 116"
OR,3,B000574,29588,Blumenauer,Earl,NA,1,1,2,1,1,2,,"104, 105, 106, 107, 108, 109, 110, 111, 112, 113, 114, 115, 116"
AL,3,R000258,29700,Riley,Robert,NA,3,1,4,3,1,4,,"105, 106, 107"
AL,4,A000055,29701,Aderholt,Robert,NA,1,1,2,1,1,2,,"105, 106, 107, 108, 109, 110, 111, 112, 113, 114, 115, 116"
AR,1,B000420,29702,Berry,Robert,Marion,1,1,2,1,1,2,,"105, 106, 107, 108, 109, 110, 111"
AR,2,S000672,29703,Snyder,Victor,F.,0,0,0,0,0,0,,"105, 106, 107, 108, 109, 110, 111"
AR,3,H001014,29704,Hutchinson,Asa,NA,1,3,4,1,3,4,,"105, 106, 107"
CA,10,T000057,29705,Tauscher,Ellen,O'Kane,1,0,1,1,0,1,,"105, 106, 107, 108, 109, 110, 111"
CA,22,C000134,29706,Capps,Walter,Holden,2,1,3,2,1,3,,105
CA,24,S000344,29707,Sherman,Brad,NA,3,0,3,3,0,3,,"105, 106, 107"
CA,24,S000344,29707,Sherman,Brad,NA,3,0,3,3,0,3,,"105, 106, 107"
CA,27,S000344,29707,Sherman,Brad,NA,3,0,3,3,0,3,,"108, 109, 110, 111, 112"
CA,27,S000344,29707,Sherman,Brad,NA,3,0,3,3,0,3,,"108, 109, 110, 111, 112"
CA,27,R000386,29708,Rogan,James,E.,2,0,2,2,0,2,,"105, 106"
CA,46,S000030,29709,Sanchez,Loretta,NA,0,0,0,0,0,0,,"105, 106, 107, 113, 114"
CA,47,S000030,29709,Sanchez,Loretta,NA,0,0,0,0,0,0,,"108, 109, 110, 111, 112"
CO,1,D000197,29710,Degette,Diana,NA,2,0,2,2,0,2,,"105, 106, 107, 108, 109, 110, 111, 112, 113, 114, 115, 116"
CO,4,S000112,29711,Schaffer,Robert,W.,3,1,4,3,1,4,,"105, 106, 107"
CT,5,M000090,29712,Maloney,James,H.,3,0,3,3,0,3,,"105, 106, 107"
FL,2,B000716,29713,Boyd,F.,Allen,1,3,4,1,3,4,,"105, 106, 107, 108, 109, 110, 111"
FL,11,D000114,29714,Davis,Jim,NA,0,2,2,0,2,2,,"105, 106, 107, 108, 109"
FL,19,W000314,29715,Wexler,Robert,NA,2,1,3,2,1,3,,"105, 106, 107, 108, 109, 110, 111"
IL,5,B000518,29716,Blagojevich,Rod,R.,1,0,1,1,0,1,,"105, 106, 107"
IL,7,D000096,29717,Davis,Danny,K.,1,1,2,1,1,2,,"105, 106, 107, 108, 109, 110, 111, 112, 113, 114, 115, 116"
IL,20,S000364,29718,Shimkus,John,M.,0,3,3,0,3,3,,"105, 106, 107"
IL,19,S000364,29718,Shimkus,John,M.,0,3,3,0,3,3,,"108, 109, 110, 111, 112"
IN,7,P000171,29719,Pease,Edward,Allan,0,0,0,0,0,0,,"105, 106"
IN,10,C000191,29720,Carson,Julia,May,1,1,2,1,1,2,,"105, 106, 107"
IN,7,C000191,29720,Carson,Julia,May,1,1,2,1,1,2,,"108, 109, 110"
IA,3,B000652,29721,Boswell,Leonard,L.,3,1,4,3,1,4,,"105, 106, 107, 108, 109, 110, 111, 112"
KS,1,M000934,29722,Moran,Jerry,NA,2,0,2,2,0,2,,"105, 106, 107, 108, 109, 110, 111"
KS,2,R000566,29723,Ryun,Jim,NA,2,2,4,2,2,4,,"105, 106, 107, 108, 109"
KS,3,S000662,29724,Snowbarger,Vincent,K.,0,2,2,0,2,2,,105
KY,3,N000143,29725,Northup,Anne,Meagher,2,4,6,2,4,6,,"105, 106, 107, 108, 109"
LA,5,C000735,29726,Cooksey,John,NA,3,0,3,3,0,3,,"105, 106, 107"
LA,7,J000110,29727,John,Christopher,NA,0,2,2,0,2,2,,"105, 106, 107, 108"
ME,1,A000357,29728,Allen,Thomas,H.,2,0,2,2,0,2,,"105, 106, 107, 108, 109, 110"
MA,3,M000312,29729,McGovern,James,P.,1,1,2,1,1,2,,"105, 106, 107, 108, 109, 110, 111, 112"
MA,3,M000312,29729,McGovern,James,P.,1,1,2,1,1,2,,"105, 106, 107, 108, 109, 110, 111, 112"
MA,6,T000266,29730,Tierney,John,F.,0,0,0,0,0,0,,"105, 106, 107, 108, 109, 110, 111, 112, 113"
MA,10,D000210,29731,Delahunt,Bill,NA,2,0,2,2,0,2,,"105, 106, 107, 108, 109, 110, 111"
MI,8,S000770,29732,Stabenow,Deborah,Ann,1,1,2,1,1,2,,"105, 106"
MI,15,K000180,29733,Kilpatrick,Carolyn,Cheeks,1,1,2,1,1,2,,"105, 106, 107"
MI,13,K000180,29733,Kilpatrick,Carolyn,Cheeks,1,1,2,1,1,2,,"108, 109, 110, 111"
MS,3,P000323,29734,Pickering,Charles,W.,0,5,5,0,5,5,,"105, 106, 107, 108, 109, 110"
MO,7,B000575,29735,Blunt,Roy,NA,1,2,3,1,2,3,,"105, 106, 107, 108, 109, 110, 111"
MO,8,E000172,29736,Emerson,Jo,Ann,8,1,9,8,1,9,,"105, 106, 107, 108, 109, 110, 111, 112, 113"
MO,9,H000948,29737,Hulshof,Kenny,NA,2,0,2,2,0,2,,"105, 106, 107, 108, 109, 110"
MT,1,H000605,29738,Hill,Rick,NA,0,3,3,0,3,3,,"105, 106"
NV,2,G000152,29739,Gibbons,James,A.,1,2,3,0,1,1,2 stepchildren,"105, 106, 107, 108, 109"
NH,1,S001078,29740,Sununu,John,E.,1,1,2,1,1,2,,"105, 106, 107"
NJ,8,P000096,29741,Pascrell,William,J.,0,3,3,0,3,3,,"105, 106, 107, 108, 109, 110, 111, 112"
NJ,9,R000462,29742,Rothman,Steven,NA,1,1,2,1,1,2,,"105, 106, 107, 108, 109, 110, 111, 112"
NJ,12,P000049,29743,Pappas,Michael,James,0,0,0,0,0,0,,105
NY,4,M000309,29744,McCarthy,Carolyn,NA,0,1,1,0,1,1,,"105, 106, 107, 108, 109, 110, 111, 112, 113"
NC,2,E000226,29745,Etheridge,Bobby,R.,1,2,3,1,2,3,,"105, 106, 107, 108, 109, 110, 111"
NC,7,M000485,29746,McIntyre,Mike,NA,0,2,2,0,2,2,,"105, 106, 107, 108, 109, 110, 111, 112, 113"
OH,6,S001004,29747,Strickland,Ted,NA,0,0,0,0,0,0,,"103, 105, 106, 107, 108, 109"
OH,10,K000336,29748,Kucinich,Dennis,NA,1,0,1,1,0,1,,"105, 106, 107, 108, 109, 110, 111, 112"
OK,3,W000194,29749,Watkins,Wesley,Wade,2,1,3,2,1,3,,"105, 106, 107"
OR,5,H000762,29750,Hooley,Darlene,NA,1,1,2,1,1,2,,"105, 106, 107, 108, 109, 110"
PA,5,P000263,29751,Peterson,John,NA,0,1,1,0,1,1,,"105, 106, 107, 108, 109, 110"
PA,16,P000373,29752,Pitts,Joseph,R.,2,1,3,2,1,3,,"105, 106, 107, 108, 109, 110, 111, 112, 113, 114"
RI,2,W000315,29753,Weygand,Robert,A.,2,1,3,2,1,3,,"105, 106"
SD,1,T000250,29754,Thune,John,NA,2,0,2,2,0,2,,"105, 106, 107"
TN,1,J000082,29755,Jenkins,William,Lewis,2,2,4,2,2,4,,"105, 106, 107, 108, 109"
TN,9,F000262,29756,Ford,Harold,NA,0,0,0,0,0,0,,"105, 106, 107, 108, 109"
TX,1,S000044,29757,Sandlin,Max,A.,2,2,4,2,2,4,,"105, 106, 107, 108"
TX,2,T000424,29758,Turner,Jim,NA,1,1,2,1,1,2,,"105, 106, 107, 108"
TX,5,S000250,29759,Sessions,Pete,NA,0,2,2,0,2,2,,"105, 106, 107"
TX,32,S000250,29759,Sessions,Pete,NA,0,2,2,0,2,2,,"108, 109, 110, 111, 112, 113, 114, 115"
TX,8,B000755,29760,Brady,Kevin,Patrick,0,2,2,0,2,2,,"105, 106, 107, 108, 109, 110, 111, 112, 113, 114, 115, 116"
TX,8,B000755,29760,Brady,Kevin,Patrick,0,2,2,0,2,2,,"105, 106, 107, 108, 109, 110, 111, 112, 113, 114, 115, 116"
TX,9,L000043,29761,Lampson,Nicholas,V.,2,0,2,2,0,2,,"105, 106, 107, 108"
TX,12,G000377,29762,Granger,Kay,NA,1,2,3,1,2,3,,"105, 106, 107, 108, 109, 110, 111, 112, 113, 114, 115, 116"
TX,15,H000636,29763,Hinojosa,Ruben,NA,4,1,5,4,1,5,,"105, 106, 107, 108, 109, 110, 111, 112, 113, 114"
TX,16,R000170,29764,Reyes,Silvestre,NA,2,1,3,2,1,3,,"105, 106, 107, 108, 109, 110, 111, 112"
UT,2,C000722,29765,Cook,Merrill,NA,3,2,5,3,2,5,,"105, 106"
UT,3,C000116,29766,Cannon,Christopher,B.,6,2,8,6,2,8,,"105, 106, 107, 108, 109, 110"
VA,5,G000280,29767,Goode,Virgil,H.,1,0,1,1,0,1,,"105, 106"
WA,9,S000510,29768,Smith,Adam,NA,1,1,2,1,1,2,,"105, 106, 107, 108, 109, 110, 111, 112, 113, 114, 115, 116"
WA,9,S000510,29768,Smith,Adam,NA,1,1,2,1,1,2,,"105, 106, 107, 108, 109, 110, 111, 112, 113, 114, 115, 116"
WI,3,K000188,29769,Kind,Ron,NA,0,2,2,0,2,2,,"105, 106, 107, 108, 109, 110, 111, 112, 113, 114, 115, 116"
WI,3,K000188,29769,Kind,Ron,NA,0,2,2,0,2,2,,"105, 106, 107, 108, 109, 110, 111, 112, 113, 114, 115, 116"
WI,8,J000149,29770,Johnson,Jay,W.,0,0,0,0,0,0,,105
TX,28,R000568,29771,Rodriguez,Ciro,D.,1,0,1,1,0,1,,"105, 106, 107, 108"
NM,3,R000567,29772,Redmond,William,Thomas,1,1,2,1,1,2,,105
NY,13,F000440,29773,Fossella,Vito,John,2,2,4,2,2,4,,"105, 106, 107, 108, 109, 110"
CA,22,C001036,29774,Capps,Lois,NA,2,1,3,2,1,3,,"105, 106, 107"
CA,23,C001036,29774,Capps,Lois,NA,2,1,3,2,1,3,,"108, 109, 110, 111, 112"
CA,44,B001228,29775,Bono,Mary,NA,3,1,4,1,1,2,2 stepdaughters,"105, 106, 107"
CA,45,B001228,29775,Bono,Mary,NA,3,1,4,1,1,2,2 stepdaughters,"108, 109, 110, 111, 112"
NY,6,M001137,29776,Meeks,Gregory,W.,3,0,3,3,0,3,,"105, 106, 107, 108, 109, 110, 111, 112"
NY,6,M001137,29776,Meeks,Gregory,W.,3,0,3,3,0,3,,"105, 106, 107, 108, 109, 110, 111, 112"
PA,1,B001227,29777,Brady,Robert,A.,1,1,2,1,1,2,,"105, 106, 107, 108, 109, 110, 111, 112, 113, 114, 115"
CA,9,L000551,29778,Lee,Barbara,NA,0,2,2,0,2,2,,"105, 106, 107, 108, 109, 110, 111, 112"
CA,9,L000551,29778,Lee,Barbara,NA,0,2,2,0,2,2,,"105, 106, 107, 108, 109, 110, 111, 112"
NM,1,W000789,29779,Wilson,Heather,NA,1,2,3,1,2,3,,"105, 106, 107, 108, 109, 110"
CA,1,T000460,29901,Thompson,Michael,NA,0,2,2,0,2,2,,"106, 107, 108, 109, 110, 111, 112"
CA,3,O000164,29902,Ose,Doug,NA,2,0,2,2,0,2,,"106, 107, 108"
CA,34,N000179,29903,Napolitano,Grace,Flores,2,3,5,2,3,5,,"106, 107"
CA,38,N000179,29903,Napolitano,Grace,Flores,2,3,5,2,3,5,,"108, 109, 110, 111, 112"
CA,36,K000357,29904,Kuykendall,Steven,T.,1,2,3,1,2,3,,106
CA,41,M001139,29905,Miller,Gary,G.,2,2,4,2,2,4,,"106, 107"
CA,42,M001139,29905,Miller,Gary,G.,2,2,4,2,2,4,,"108, 109, 110, 111, 112"
CO,2,U000038,29906,Udall,Mark,NA,1,1,2,1,1,2,,"106, 107, 108, 109, 110"
CO,6,T000458,29907,Tancredo,Thomas,G.,0,2,2,0,2,2,,"106, 107, 108, 109, 110"
CT,1,L000557,29908,Larson,John,B.,2,1,3,2,1,3,,"106, 107, 108, 109, 110, 111, 112, 113, 114, 115, 116"
GA,6,I000055,29909,Isakson,Johnny,NA,1,2,3,1,2,3,,"106, 107, 108"
ID,2,S001148,29910,Simpson,Michael,K.,0,0,0,0,0,0,,"106, 107, 108, 109, 110, 111, 112, 113, 114, 115, 116"
ID,2,S001148,29910,Simpson,Michael,K.,0,0,0,0,0,0,,"106, 107, 108, 109, 110, 111, 112, 113, 114, 115, 116"
IL,9,S001145,29911,Schakowsky,Janice,D.,2,1,3,1,1,2,1 stepdaughter,"106, 107, 108, 109, 110, 111, 112, 113, 114, 115, 116"
IL,13,B001232,29912,Biggert,Judy,Borg,3,1,4,3,1,4,,"106, 107, 108, 109, 110, 111, 112"
IL,19,P000584,29913,Phelps,David,Dwain,3,1,4,3,1,4,,"106, 107"
IN,9,H001030,29914,Hill,Baron,P.,3,0,3,3,0,3,,"106, 107, 108, 110, 111"
KS,3,M001140,29915,Moore,Dennis,NA,2,5,7,2,5,7,,"106, 107, 108, 109, 110, 111"
KY,4,L000558,29916,Lucas,Ken,NA,2,3,5,2,3,5,,"106, 107, 108"
KY,6,F000441,29917,Fletcher,Ernest,L.,1,1,2,1,1,2,,"106, 107, 108"
LA,1,V000127,29918,Vitter,David,NA,3,1,4,3,1,4,,"106, 107, 108"
MA,8,C001037,29919,Capuano,Michael,Everett,0,2,2,0,2,2,,"106, 107, 108, 109, 110, 111, 112"
MS,4,S001147,29920,Shows,Clifford,Ronald,3,1,4,3,1,4,,"106, 107"
NE,2,T000459,29921,Terry,Lee,Raymond,0,3,3,0,3,3,,"106, 107, 108, 109, 110, 111, 112, 113"
NV,1,B001231,29922,Berkley,Shelley,NA,0,2,2,0,2,2,,"106, 107, 108, 109, 110, 111, 112"
NJ,12,H001032,29923,Holt,Rush,NA,1,2,3,1,2,3,,"106, 107, 108, 109, 110, 111, 112, 113"
NM,3,U000039,29924,Udall,Thomas,NA,1,0,1,1,0,1,,"106, 107, 108, 109, 110"
NY,7,C001038,29925,Crowley,Joseph,NA,1,2,3,1,2,3,,"106, 107, 108, 109, 110, 111, 112"
NY,9,W000792,29926,Weiner,Anthony,D.,0,0,0,0,0,0,,"106, 107, 108, 109, 110, 111, 112"
NY,22,S001149,29927,Sweeney,John,E.,1,2,3,1,2,3,,"106, 107"
NY,20,S001149,29927,Sweeney,John,E.,1,2,3,1,2,3,,"108, 109"
NY,27,R000569,29928,Reynolds,Thomas,M.,1,3,4,1,3,4,,"106, 107"
NY,26,R000569,29928,Reynolds,Thomas,M.,1,3,4,1,3,4,,"108, 109, 110"
NC,8,H001029,29929,Hayes,Robert,NA,1,1,2,1,1,2,,"106, 107, 108, 109, 110"
OH,11,J000284,29930,Jones,Stephanie,Tubbs,0,1,1,0,1,1,,"106, 107, 108, 109, 110"
OR,1,W000793,29931,Wu,David,NA,1,1,2,1,1,2,,"106, 107, 108, 109, 110, 111, 112"
OR,2,W000791,29932,Walden,Greg,NA,0,1,1,0,1,1,,"106, 107, 108, 109, 110, 111, 112, 113, 114, 115, 116"
PA,10,S001146,29933,Sherwood,Don,NA,3,0,3,3,0,3,,"106, 107, 108, 109"
PA,13,H001031,29934,Hoeffel,Joseph,M.,1,1,2,1,1,2,,"106, 107, 108"
PA,15,T000461,29935,Toomey,Patrick,Joseph,1,1,2,1,1,2,,"106, 107, 108"
SC,4,D000595,29936,Demint,James,W.,2,2,4,2,2,4,,"106, 107, 108"
WA,1,I000026,29937,Inslee,Jay,Robert,0,3,3,0,3,3,,"106, 107, 108, 109, 110, 111, 112"
WA,3,B001229,29938,Baird,Brian,NA,0,0,0,0,0,0,,"106, 107, 108, 109, 110, 111"
WI,1,R000570,29939,Ryan,Paul,D.,1,2,3,1,2,3,,"106, 107, 108, 109, 110, 111, 112, 113, 114, 115"
WI,2,B001230,29940,Baldwin,Tammy,NA,0,0,0,0,0,0,,"106, 107, 108, 109, 110, 111, 112"
WI,8,G000545,29941,Green,Mark,NA,2,1,3,2,1,3,,"106, 107, 108, 109"
CA,42,B001234,29942,Baca,Joe,NA,2,2,4,2,2,4,,"106, 107"
CA,43,B001234,29942,Baca,Joe,NA,2,2,4,2,2,4,,"108, 109, 110, 111, 112"
TX,20,G000544,29943,Gonzalez,Charles,A.,0,1,1,0,1,1,,"106, 107, 108, 109, 110, 111, 112"
SC,4,I000023,39300,Inglis,Robert,Durden,3,1,4,3,1,4,,"103, 104, 105, 109, 110, 111"
SC,6,C000537,39301,Clyburn,James,Enos,3,0,3,3,0,3,,"103, 104, 105, 106, 107, 108, 109, 110, 111, 112, 113, 114, 115, 116"
TX,23,B000617,39302,Bonilla,Henry,NA,1,1,2,1,1,2,,"103, 104, 105, 106, 107, 108, 109"
TX,28,T000113,39303,Tejeda,Frank,NA,2,1,3,2,1,3,,"103, 104, 105"
TX,29,G000410,39304,Green,Raymond,Eugene,1,1,2,1,1,2,,"103, 104, 105, 106, 107, 108, 109, 110, 111, 112, 113, 114, 115"
TX,30,J000126,39305,Johnson,Eddie,Bernice,0,1,1,0,1,1,,"103, 104, 105, 106, 107, 108, 109, 110, 111, 112, 113, 114, 115, 116"
VA,3,S000185,39307,Scott,Robert,C.,0,0,0,0,0,0,,"103, 104, 105, 106, 107, 108, 109, 110, 111, 112, 113, 114, 115, 116"
VA,3,S000185,39307,Scott,Robert,C.,0,0,0,0,0,0,,"103, 104, 105, 106, 107, 108, 109, 110, 111, 112, 113, 114, 115, 116"
VA,6,G000289,39308,Goodlatte,Robert,William,1,1,2,1,1,2,,"103, 104, 105, 106, 107, 108, 109, 110, 111, 112, 113, 114, 115"
WA,8,D000549,39312,Dunn,Jennifer,Blackburn,0,3,3,0,3,3,,"103, 104, 105, 106, 107, 108"
WI,5,B000177,39315,Barrett,Thomas,M.,3,1,4,3,1,4,,"103, 104, 105, 106, 107"
NY,24,M000472,39316,McHugh,John,Michael,0,0,0,0,0,0,,"103, 104, 105, 106, 107"
NY,23,M000472,39316,McHugh,John,Michael,0,0,0,0,0,0,,"108, 109, 110, 111"
FL,1,S000106,39508,Scarborough,Charles,Joseph,0,2,2,0,2,2,,"104, 105, 106, 107"
VA,5,G000280,89767,Goode,Virgil,H.,1,0,1,1,0,1,,"107, 108, 109, 110"
LA,3,T000058,94679,Tauzin,Wilbert,Joseph,1,4,5,1,4,5,,"105, 106, 107, 108"
MS,4,P000066,95617,Parker,Michael,NA,1,2,3,1,2,3,,105
GA,9,D000168,99342,Deal,John,Nathan,3,1,4,3,1,4,,"105, 106, 107, 110, 111"
GA,10,D000168,99342,Deal,John,Nathan,3,1,4,3,1,4,,"108, 109"