ICPSR_ID,Congress,Party,State,District,LastName,FirstName,NumChildren,NumDaughters,NumSons,Female,AAUWrating
20301,114,R,AL,3,ROGERS,Mike Dennis,3,1,2,0,22
21192,114,R,AL,2,ROBY,Martha,2,1,1,1,22
21376,114,R,AL,1,BYRNE,Bradley,4,2,2,0,22
21500,114,R,AL,6,PALMER,Gary James,3,2,1,0,22
29701,114,R,AL,4,ADERHOLT,Robert,2,1,1,0,22
14066,114,R,AK,1,YOUNG,Donald Edwin,2,2,0,0,22
20304,114,R,AZ,8,FRANKS,Trent,2,1,1,0,22
20305,114,D,AZ,3,GRIJALVA,Raul M.,3,3,0,0,100
21103,114,R,AZ,4,GOSAR,Paul,3,2,1,0,22
21106,114,R,AR,1,CRAWFORD,Rick,2,1,1,0,29
21108,114,R,AR,3,WOMACK,Steve,3,0,3,0,22
15448,114,D,CA,12,PELOSI,Nancy,5,4,1,1,89
20103,114,D,CA,17,HONDA,Mike,2,1,1,0,100
20104,114,D,CA,28,SCHIFF,Adam,2,1,1,0,89
20107,114,R,CA,49,ISSA,Darrell,1,0,1,0,29
20108,114,D,CA,53,DAVIS,Susan A.,2,0,2,1,100
20538,114,D,CA,6,MATSUI,Doris,1,0,1,0,100
20702,114,D,CA,9,McNERNEY,Jerry,3,1,2,0,89
20703,114,R,CA,23,MCCARTHY,Kevin,2,1,1,0,22
20762,114,D,CA,14,SPEIER,Karen Lorraine Jacqueline (Jackie),2,1,1,1,100
20963,114,R,CA,50,HUNTER,Duncan Duane,3,2,1,0,22
21110,114,D,CA,37,BASS,Karen,5,3,2,1,89
21195,114,D,CA,44,HAHN,Janice,3,1,2,1,89
21304,114,D,CA,7,BERA,Ami,1,1,0,0,78
21307,114,R,CA,21,VALADAO,David G.,3,1,2,0,22
21308,114,D,CA,26,BROWNLEY,Julia,2,1,1,1,100
21309,114,D,CA,29,CARDENAS,Antonio,4,2,2,0,78
21314,114,D,CA,51,VARGAS,Juan,2,2,0,0,100
21504,114,D,CA,11,DESAULNIER,Mark James,2,0,2,0,100
21506,114,D,CA,31,AGUILAR,Peter Rey,2,0,2,0,89
21507,114,D,CA,33,LIEU,Ted,2,0,2,0,100
21509,114,R,CA,45,WALTERS,Mimi,4,2,2,1,22
29106,114,D,CA,43,WATERS,Maxine,2,1,1,1,78
29313,114,D,CA,20,FARR,Sam,1,1,0,0,89
29316,114,D,CA,34,BECERRA,Xavier,3,3,0,0,89
29317,114,D,CA,40,ROYBAL-ALLARD,Lucille,2,1,1,1,100
29504,114,D,CA,19,LOFGREN,Zoe,2,1,1,1,100
29774,114,D,CA,24,CAPPS,Lois,3,2,1,1,100
29901,114,D,CA,5,THOMPSON,Michael,2,0,2,0,88
29903,114,D,CA,32,"NAPOLITANO, Grace Flores",,5,2,3,1,100
21111,114,R,CO,3,TIPTON,Scott,2,2,0,0,22
20706,114,D,CT,2,COURTNEY,Joe,2,1,1,0,89
20907,114,D,CT,4,HIMES,James A.,2,2,0,0,89
29109,114,D,CT,3,DeLAURO,Rosa L.,3,2,1,1,100
29908,114,D,CT,1,LARSON,John B.,3,2,1,0,89
21113,114,D,DE,1,CARNEY,"John C., Jr.",2,0,2,0,89
20110,114,R,FL,1,MILLER,Jeff,2,0,2,0,33
20111,114,R,FL,4,CRENSHAW,Ander,2,1,1,0,22
20504,114,D,FL,23,WASSERMAN SCHULTZ,Debbie,3,2,1,1,100
20709,114,R,FL,16,BUCHANAN,Vernon G.,2,0,2,0,22
20758,114,R,FL,12,BILIRAKIS,Gus,4,0,4,0,22
20908,114,D,FL,9,GRAYSON,Alan,5,3,2,0,100
20909,114,R,FL,8,POSEY,Bill,2,2,0,0,22
20910,114,R,FL,17,ROONEY,Thomas J.,3,0,3,0,22
21115,114,R,FL,11,NUGENT,Richard,3,0,3,0,22
21117,114,R,FL,15,ROSS,Dennis,2,0,2,0,22
21317,114,R,FL,3,YOHO,Ted,3,2,1,0,33
29331,114,R,FL,7,MICA,John L.,2,1,1,0,22
29337,114,D,FL,20,HASTINGS,Alcee Lamar,3,3,0,1,88
20321,114,D,GA,13,SCOTT,David,2,2,0,0,78
20506,114,R,GA,3,WESTMORELAND,Lynn A.,3,2,1,0,29
20712,114,D,GA,4,JOHNSON,Hank,2,0,2,0,89
20962,114,R,GA,14,GRAVES,Tom,3,2,1,0,22
21123,114,R,GA,8,SCOTT,Austin,2,1,1,0,22
21323,114,R,GA,9,COLLINS,Doug,3,1,2,0,22
21513,114,R,GA,1,CARTER,Buddy,3,0,3,0,22
21514,114,R,GA,10,HICE,Jody Brownlow,2,2,0,0,33
21515,114,R,GA,11,LOUDERMILK,Barry D.,3,1,2,0,22
21516,114,R,GA,12,ALLEN,Rick W.,4,3,1,0,22
29339,114,D,GA,2,BISHOP,"Sanford Dixon, Jr.",1,1,0,0,78
20954,114,D,IL,5,QUIGLEY,Mike,2,2,0,0,89
21328,114,R,IL,13,DAVIS,Rodney,3,1,2,0,22
21329,114,D,IL,17,BUSTOS,Cheri,3,0,3,1,100
21518,114,R,IL,10,DOLD,Robert,2,1,1,0,44
21519,114,R,IL,12,BOST,Mike,3,2,1,0,33
21562,114,R,IL,18,LaHOOD,Darin,3,0,3,0,14
29348,114,D,IL,4,GUTIÛRREZ,Luis V.,2,2,0,0,86
29717,114,D,IL,7,DAVIS,Danny K.,2,0,2,0,100
29718,114,R,IL,15,SHIMKUS,John M.,3,0,3,0,22
29911,114,D,IL,9,SCHAKOWSKY,Janice D.,3,2,1,1,100
15124,114,D,IN,1,VISCLOSKY,Peter,2,0,2,0,78
20757,114,D,IN,7,CARSON,Andr_,1,1,0,0,88
21100,114,R,IN,3,STUTZMAN,Marlin,2,0,2,0,43
21131,114,R,IN,4,ROKITA,Todd,2,0,2,0,22
21132,114,R,IN,8,BUCSHON,Larry,4,2,2,0,22
21133,114,R,IN,9,YOUNG,Todd,4,3,1,0,22
21331,114,R,IN,5,BROOKS,Susan,2,1,1,1,22
21332,114,R,IN,6,MESSER,Luke,3,2,1,0,22
20325,114,R,IA,4,KING,Steve,3,0,3,0,22
20915,114,R,KS,2,JENKINS,Lynn,2,1,1,1,22
21134,114,R,KS,1,HUELSKAMP,Tim,4,2,2,0,33
21136,114,R,KS,4,POMPEO,Mike,1,0,1,0,22
14854,114,R,KY,5,ROGERS,Harold Dallas (Hal),3,1,2,0,22
20723,114,D,KY,3,YARMUTH,John,1,0,1,0,100
20916,114,R,KY,2,GUTHRIE,Brett,3,2,1,0,22
21333,114,R,KY,6,BARR,Garland H. (Andy) IV,2,2,0,0,22
29525,114,R,KY,1,WHITFIELD,Wayne Edward (Ed),1,1,0,0,22
20514,114,R,LA,3,BOUSTANY,Charles W.,2,1,1,0,22
20759,114,R,LA,1,SCALISE,Steve,2,1,1,0,22
21523,114,R,LA,6,GRAVES,Garret,3,1,2,0,33
14873,114,D,MD,5,HOYER,Steny Hamilton,3,3,0,0,78
20329,114,D,MD,2,RUPPERSBERGER,C. A. (Dutch),2,1,1,0,89
20330,114,D,MD,8,VAN HOLLEN,Christopher,3,1,2,0,100
21334,114,D,MD,6,DELANEY,John,4,4,0,0,89
20754,114,D,MA,3,TSONGAS,Nicola S. (Niki),3,3,0,1,86
21140,114,D,MA,9,KEATING,William R.,2,1,1,0,88
21375,114,D,MA,5,CLARK,Katherine M.,3,0,3,1,100
29919,114,D,MA,7,CAPUANO,Michael Everett,2,0,2,0,89
10713,114,D,MI,13,CONYERS,"John, Jr.",2,0,2,0,78
15033,114,D,MI,9,LEVIN,Sander Martin,4,2,2,0,89
20331,114,R,MI,10,MILLER,Candice S.,1,1,0,1,22
21142,114,R,MI,2,HUIZENGA,Bill,5,1,4,0,22
21143,114,R,MI,3,AMASH,Justin,3,2,1,0,33
21372,114,D,MI,5,KILDEE,Dan,3,1,2,0,89
21528,114,R,MI,11,TROTT,David A.,3,2,1,0,22
21530,114,D,MI,14,LAWRENCE,Brenda L,2,1,1,1,100
20122,114,D,MN,4,McCOLLUM,Betty,2,1,1,1,89
20333,114,R,MN,2,KLINE,John,2,1,1,0,22
20726,114,D,MN,1,WALZ,Tim,2,1,1,0,89
20924,114,R,MN,3,PAULSEN,Erik,4,4,0,0,22
21531,114,R,MN,6,EMMER,Thomas Earl II,7,1,6,0,22
29127,114,D,MN,7,PETERSON,Collin Clark,3,0,3,0,78
20925,114,R,MS,3,HARPER,Gregg,2,1,1,0,22
21148,114,R,MS,4,PALAZZO,Steven,3,1,2,0,22
21561,114,R,MS,1,KELLY,Trent,3,1,2,0,14
29368,114,D,MS,2,THOMPSON,Bennie,1,1,0,0,78
20147,114,D,MO,1,CLAY,"William Lacy, Jr.",2,1,1,0,89
21149,114,R,MO,4,HARTZLER,Vicky,1,1,0,1,22
21150,114,R,MO,7,LONG,Billy,2,2,0,0,22
21337,114,R,MO,2,WAGNER,Ann,3,1,2,1,25
21532,114,R,MT,1,ZINKE,Ryan,3,1,2,0,22
21533,114,D,NE,2,ASHFORD,John Bradley,3,1,2,0,78
21340,114,D,NH,2,KUSTER,Ann McLane,2,0,2,1,100
20336,114,R,NJ,5,GARRETT,Scott,2,2,0,0,22
20542,114,D,NJ,8,SIRES,Albio,1,1,0,0,89
21536,114,D,NJ,1,NORCROSS,Donald,3,0,3,0,100
21538,114,D,NJ,12,WATSON COLEMAN,Bonnie,3,0,3,1,89
29541,114,R,NJ,11,FRELINGHUYSEN,Rodney P.,2,2,0,0,22
29741,114,D,NJ,9,PASCRELL,"William J., Jr.",3,0,3,0,100
31103,114,D,NJ,10,PAYNE,"Donald, Jr.",3,1,2,0,88
21341,114,D,NM,1,LUJAN GRISHAM,Michelle,2,2,0,1,100
13035,114,D,NY,13,RANGEL,Charles B.,2,1,1,0,100
15444,114,D,NY,25,SLAUGHTER,Louise McIntosh,3,3,0,1,100
15612,114,D,NY,17,LOWEY,Nita M.,3,2,1,1,89
20519,114,D,NY,26,HIGGINS,Brian,2,1,1,0,89
21156,114,R,NY,19,GIBSON,Christopher,3,2,1,0,33
21344,114,D,NY,18,MALONEY,Sean Patrick,3,1,2,0,89
21345,114,R,NY,27,COLLINS,Chris,2,1,1,0,29
21539,114,R,NY,1,ZELDIN,Lee M,2,2,0,0,22
21542,114,R,NY,24,KATKO,John,3,0,3,0,25
29134,114,D,NY,15,SERRANO,Jos_,5,2,3,0,100
29375,114,R,NY,2,KING,Peter T.,2,1,1,0,22
29379,114,D,NY,12,MALONEY,Carolyn Bosher,2,2,0,1,89
29776,114,D,NY,5,MEEKS,Gregory W.,3,3,0,0,89
15438,114,D,NC,4,PRICE,David Eugene,2,1,1,0,89
20521,114,R,NC,5,FOXX,Virginia Ann,1,1,0,1,22
20522,114,R,NC,10,McHENRY,Patrick T.,1,1,0,0,22
21159,114,R,NC,2,ELLMERS,Renee,1,0,1,1,22
21545,114,R,NC,12,ADAMS,Alma,2,1,1,1,100
29546,114,R,NC,3,JONES,"Walter Beaman, Jr.",1,1,0,0,44
21350,114,R,ND,1,CRAMER,Kevin,5,2,3,0,22
20342,114,R,OH,10,TURNER,Michael R.,2,2,0,0,22
20738,114,R,OH,4,JORDAN,Jim,4,2,2,0,33
20755,114,R,OH,5,LATTA,Robert E.,2,2,0,0,22
21162,114,R,OH,6,JOHNSON,Bill,4,2,2,0,22
21163,114,R,OH,15,STIVERS,Steve,2,1,1,0,22
21165,114,R,OH,7,GIBBS,Bob,3,1,2,0,22
21351,114,R,OH,2,WENSTRUP,Brad,1,0,1,0,33
21352,114,D,OH,3,BEATTY,Joyce,2,1,1,1,100
21353,114,R,OH,14,JOYCE,David,3,1,2,0,33
29550,114,R,OH,1,CHABOT,Steve,2,1,1,0,22
21354,114,R,OK,1,BRIDENSTINE,Jim,3,1,2,0,22
29393,114,R,OK,3,LUCAS,Frank D.,3,2,1,0,22
20944,114,D,OR,5,SCHRADER,Kurt,4,2,2,0,89
21198,114,D,OR,1,BONAMICI,Suzanne,2,1,1,1,100
29588,114,D,OR,3,BLUMENAUER,Earl,2,1,1,0,100
29932,114,R,OR,2,WALDEN,Greg,1,0,1,0,22
20346,114,R,PA,18,MURPHY,Timothy,1,1,0,0,22
20524,114,R,PA,8,FITZPATRICK,Michael G.,6,3,3,0,22
20526,114,R,PA,15,DENT,Charles W.,3,1,2,0,33
20946,114,R,PA,5,THOMPSON,Glenn,3,0,3,0,22
21168,114,R,PA,7,MEEHAN,Patrick,3,0,3,0,33
21170,114,R,PA,10,MARINO,Thomas A.,2,1,1,0,22
21171,114,R,PA,11,BARLETTA,Lou,4,4,0,0,22
21356,114,R,PA,4,PERRY,Scott,2,2,0,0,22
21358,114,D,PA,17,CARTWRIGHT,Matt,2,0,2,0,100
21547,114,R,PA,6,COSTELLO,Ryan,1,0,1,0,33
21548,114,D,PA,13,BOYLE,Brendan Francis,1,1,0,0,100
29561,114,D,PA,14,DOYLE,Michael F.,4,1,3,0,100
29752,114,R,PA,16,PITTS,Joseph R.,3,2,1,0,22
29777,114,D,PA,1,BRADY,Robert A.,2,1,1,0,100
20138,114,R,SC,2,WILSON,Addison Graves (Joe),4,0,4,0,22
21174,114,R,SC,3,DUNCAN,Jeff,3,0,3,0,22
29565,114,R,SC,1,SANFORD,Mark,4,0,4,0,33
39301,114,D,SC,6,CLYBURN,James Enos,3,3,0,0,78
15455,114,R,TN,2,DUNCAN,"John J., Jr.",4,2,2,0,22
20351,114,R,TN,7,BLACKBURN,Marsha,2,1,1,1,22
20947,114,R,TN,1,ROE,David P. (Phil),3,1,2,0,22
21179,114,R,TN,4,DESJARLAIS,Scott,3,1,2,0,33
21181,114,R,TN,8,FINCHER,Stephen Lee,3,1,2,0,33
15085,114,R,TX,6,BARTON,Joe Linus,3,2,1,0,22
15445,114,R,TX,21,SMITH,Lamar Seeligson,2,0,2,0,25
20139,114,R,TX,7,CULBERSON,John,1,1,0,0,25
20352,114,R,TX,5,HENSARLING,Jeb,2,1,1,0,22
20356,114,R,TX,31,CARTER,John R.,4,2,2,0,22
20527,114,R,TX,1,GOHMERT,Louie,3,3,0,0,33
20531,114,R,TX,11,CONAWAY,K. Michael,4,3,1,0,22
20533,114,D,TX,28,CUELLAR,Henry,2,2,0,0,78
20948,114,R,TX,22,OLSON,Pete,2,1,1,0,22
21182,114,R,TX,17,FLORES,Bill,2,0,2,0,22
21360,114,R,TX,14,WEBER,Randy,3,1,2,0,22
21364,114,R,TX,25,WILLIAMS,Roger,2,2,0,0,22
21365,114,D,TX,33,VEASEY,Marc,1,0,1,0,100
21549,114,R,TX,4,RATCLIFFE,John,2,2,0,0,22
29571,114,D,TX,35,DOGGETT,"Lloyd Alton, II",2,2,0,0,78
29572,114,R,TX,13,THORNBERRY,William McClellan (Mac),2,1,1,0,22
29573,114,D,TX,18,JACKSON LEE,Sheila,2,1,1,1,100
29759,114,R,TX,32,SESSIONS,Pete,5,0,5,0,22
29762,114,R,TX,12,GRANGER,Kay,3,1,2,1,22
29763,114,D,TX,15,HINOJOSA,Rub_n,5,4,1,0,100
39304,114,D,TX,29,GREEN,Raymond Eugene (Gene),2,1,1,0,89
39305,114,D,TX,30,JOHNSON,Eddie Bernice,1,0,1,1,89
20357,114,R,UT,1,BISHOP,Robert (Rob),5,1,4,0,22
20949,114,R,UT,3,CHAFFETZ,Jason,3,2,1,0,13
21367,114,R,UT,2,STEWART,Chris,6,2,4,0,22
21552,114,R,UT,4,LOVE,Ludmya Bourdeau (Mia),3,2,1,1,22
20750,114,D,VT,1,WELCH,Peter,5,2,3,0,89
20143,114,R,VA,4,FORBES, J. Randy,4,1,3,0,22
20756,114,R,VA,1,WITTMAN,Robert J.,2,1,1,0,22
20952,114,D,VA,11,CONNOLLY,Gerald E. (Gerry),1,1,0,0,89
21185,114,R,VA,2,RIGELL,E. Scott,4,3,1,0,22
21191,114,R,VA,9,GRIFFITH,H. Morgan,3,1,2,0,33
21553,114,R,VA,7,BRAT,David A.,2,1,1,0,22
21554,114,D,VA,8,BEYER,Donald Sternoff Jr.,4,3,1,0,100
21555,114,R,VA,10,COMSTOCK,Barbara J.,3,1,2,1,22
39308,114,R,VA,6,GOODLATTE,Robert William,2,1,1,0,22
15613,114,D,WA,7,McDERMOTT,James A.,2,1,1,0,89
20145,114,D,WA,2,LARSEN,Richard Ray (Rick),2,0,2,0,89
20536,114,R,WA,8,REICHERT,David G.,3,2,1,0,33
21368,114,D,WA,6,KILMER,Derek,2,2,0,0,89
21556,114,R,WA,4,NEWHOUSE,Daniel Milton,2,2,0,0,25
31101,114,D,WA,1,DelBENE,Suzan K.,2,1,1,1,89
21188,114,R,WV,1,McKINLEY,David,4,2,2,0,22
21558,114,R,WV,3,JENKINS,Evan H.,3,1,2,0,22
14657,114,R,WI,5,SENSENBRENNER,"Frank James, Jr.",2,0,2,0,33
29769,114,D,WI,3,KIND,Ron,2,0,2,0,89
29939,114,R,WI,1,RYAN,Paul D.,3,1,2,0,29
20953,114,R,WY,1,LUMMIS,Cynthia M.,1,1,0,1,22
21376,113,R,ALABAMA,1,BYRNE,,4,2,2,0,67
21192,113,R,ALABAMA,2,ROBY,,2,1,1,1,22
20301,113,R,ALABAMA,3,ROGERS,,3,1,2,0,22
29701,113,R,ALABAMA,4,ADERHOLT,,2,1,1,0,13
21193,113,R,ALABAMA,5,BROOKS,,4,2,2,0,13
29301,113,R,ALABAMA,6,BACHUS,,5,2,2,0,44
14066,113,R,ALASKA,1,YOUNG,,2,2,0,0,50
21199,113,D,ARIZONA,2,BARBER,,2,2,0,0,89
20305,113,D,ARIZONA,3,GRIJALVA,,3,3,0,0,100
21103,113,R,ARIZONA,4,GOSAR,,3,2,0,0,22
29500,113,R,ARIZONA,5,SALMON,,4,2,2,0,22
21105,113,R,ARIZONA,6,SCHWEIKERT,,1,1,0,0,22
29101,113,D,ARIZONA,7,PASTOR,,2,2,0,0,89
20304,113,R,ARIZONA,8,FRANKS,,2,1,1,0,11
21106,113,R,ARKANSA,1,CRAWFORD,,2,1,1,0,38
21107,113,R,ARKANSA,2,GRIFFIN,,2,1,1,0,25
21108,113,R,ARKANSA,3,WOMACK,,3,0,3,0,33
21301,113,R,ARKANSA,4,COTTON,,1,0,1,0,33
21302,113,R,CALIFOR,1,LAMALFA,,4,3,1,0,22
21303,113,D,CALIFOR,2,HUFFMAN,,2,1,1,0,100
20958,113,D,CALIFOR,3,GARAMENDI,,6,4,2,0,100
20903,113,R,CALIFOR,4,MCCLINTOCK,,2,1,1,0,11
29901,113,D,CALIFOR,5,THOMPSON,,2,0,2,0,100
20538,113,D,CALIFOR,6,MATSUI,,1,0,1,1,100
21304,113,D,CALIFOR,7,BERA,,1,1,0,0,89
20702,113,D,CALIFOR,9,MCNERNEY,,3,1,2,0,89
21109,113,R,CALIFOR,10,DENHAM,,2,1,1,0,33
14256,113,D,CALIFOR,11,MILLER,,2,0,2,0,88
15448,113,D,CALIFOR,12,PELOSI,,4,3,1,1,86
29778,113,D,CALIFOR,13,LEE,,2,0,2,1,100
20762,113,D,CALIFOR,14,SPEIER,,2,1,1,1,100
20103,113,D,CALIFOR,17,HONDA,,2,1,1,0,100
29312,113,D,CALIFOR,18,ESHOO,,2,1,1,1,100
29504,113,D,CALIFOR,19,LOFGREN,,2,1,1,1,100
29313,113,D,CALIFOR,20,FARR,,1,1,0,0,100
21307,113,R,CALIFOR,21,VALADAO,,3,1,2,0,44
20307,113,R,CALIFOR,22,NUNES,,3,3,0,0,44
20703,113,R,CALIFOR,23,MCCARTHY,,2,1,1,0,44
29774,113,D,CALIFOR,24,CAPPS,,2,2,1,1,100
29315,113,R,CALIFOR,25,MCKEON,,6,3,3,0,44
21308,113,D,CALIFOR,26,BROWNLEY,,2,1,1,1,100
20104,113,D,CALIFOR,28,SCHIFF,,2,1,1,0,100
21309,113,D,CALIFOR,29,CARDENAS,,4,2,2,0,89
29707,113,D,CALIFOR,30,SHERMAN,,3,3,0,0,100
29905,113,R,CALIFOR,31,MILLER,,4,2,2,0,29
29903,113,D,CALIFOR,32,NAPOLITA,,5,2,3,1,100
14280,113,D,CALIFOR,33,WAXMAN,,2,1,1,0,100
29316,113,D,CALIFOR,34,BECERRA,,3,3,0,0,89
21110,113,D,CALIFOR,37,BASS,,5,3,3,1,100
20310,113,D,CALIFOR,38,SANCHEZ,,1,0,1,1,100
29317,113,D,CALIFOR,40,ROYBAL-A,,3,2,1,1,40
29106,113,D,CALIFOR,43,WATERS,,2,1,1,1,100
21195,113,D,CALIFOR,44,HAHN,,3,1,2,1,100
20539,113,R,CALIFOR,45,CAMPBELL,,2,0,2,0,0
21313,113,D,CALIFOR,47,LOWENTHAL,,2,0,2,0,100
15621,113,R,CALIFOR,48,ROHRABAC,,3,1,2,1,22
20107,113,R,CALIFOR,49,ISSA,,1,0,1,0,44
20963,113,R,CALIFOR,50,HUNTER,,3,2,1,0,33
21314,113,D,CALIFOR,51,VARGAS,,2,2,0,0,100
21315,113,D,CALIFOR,52,PETERS,,2,1,1,0,100
20108,113,D,CALIFOR,53,DAVIS,,2,0,2,1,100
29710,113,D,COLORAD,1,DEGETTE,,2,2,0,1,89
20904,113,D,COLORAD,2,POLIS,,2,1,1,0,100
21111,113,R,COLORAD,3,TIPTON,,2,2,0,0,44
21112,113,R,COLORAD,4,GARDNER,,3,2,1,0,44
20704,113,R,COLORAD,5,LAMBORN,,5,1,4,0,11
20705,113,D,COLORAD,7,PERLMUTTER,,3,3,0,0,88
29908,113,D,CONNECT,1,LARSON,,3,2,1,0,89
20706,113,D,CONNECT,2,COURTNEY,,2,1,1,0,100
29109,113,D,CONNECT,3,DELAURO,,3,2,1,1,100
20907,113,D,CONNECT,4,HIMES,,2,2,0,0,100
21316,113,D,CONNECT,5,ESTY,,3,1,2,1,89
21113,113,D,DELAWAR,1,CARNEY,,2,0,2,0,88
20110,113,R,FLORIDA,1,MILLER,,2,0,2,0,22
21114,113,R,FLORIDA,2,SOUTHERLA,,4,4,0,0,22
21317,113,R,FLORIDA,3,YOHO,,3,2,1,0,11
20111,113,R,FLORIDA,4,CRENSHAW,,2,2,0,0,44
29328,113,D,FLORIDA,5,BROWN,,1,1,0,1,100
29331,113,R,FLORIDA,7,MICA,,2,1,1,0,11
20909,113,R,FLORIDA,8,POSEY,,2,2,0,0,22
20908,113,D,FLORIDA,9,GRAYSON,,5,3,2,0,100
21116,113,R,FLORIDA,10,WEBSTER,,1,0,1,0,50
21115,113,R,FLORIDA,11,NUGENT,,3,0,3,0,33
20758,113,R,FLORIDA,12,BILIRAKIS,,4,0,4,0,33
13047,113,R,FLORIDA,13,YOUNG,,2,1,1,0,25
20708,113,D,FLORIDA,14,CASTOR,,2,2,0,1,88
21117,113,R,FLORIDA,15,ROSS,,2,0,2,0,22
20709,113,R,FLORIDA,16,BUCHANAN,,2,0,2,0,44
20910,113,R,FLORIDA,17,ROONEY,,3,0,3,0,22
21319,113,D,FLORIDA,18,MURPHY,,2,1,1,0,100
21320,113,R,FLORIDA,19,RADEL,,1,0,1,0,0
29337,113,D,FLORIDA,20,HASTINGS,,3,2,1,0,100
20959,113,D,FLORIDA,21,DEUTCH,,3,2,1,0,100
21321,113,D,FLORIDA,22,FRANKEL,,1,0,1,1,100
20504,113,D,FLORIDA,23,WASSERMA,,3,2,1,1,100
21118,113,D,FLORIDA,24,WILSON,,3,2,1,1,100
20316,113,R,FLORIDA,25,DIAZ-BAL,,1,0,1,0,44
21322,113,D,FLORIDA,26,GARCIA,,1,1,0,0,89
15634,113,R,FLORIDA,27,ROS-LEHT,,4,2,2,1,44
29338,113,R,GEORGIA,1,KINGSTON,,3,2,1,0,13
29339,113,D,GEORGIA,2,BISHOP,,1,1,0,0,100
20506,113,R,GEORGIA,3,WESTMORE,,3,2,1,0,22
20712,113,D,GEORGIA,4,JOHNSON,,2,0,2,0,100
15431,113,D,GEORGIA,5,LEWIS,,1,0,1,0,100
20505,113,R,GEORGIA,6,PRICE,,1,0,1,0,22
21123,113,R,GEORGIA,8,SCOTT,,1,0,1,0,11
21323,113,R,GEORGIA,9,COLLINS,,3,1,2,0,22
20753,113,R,GEORGIA,10,BROUN,,3,2,1,0,11
20319,113,R,GEORGIA,11,GINGREY,,4,2,2,0,25
20507,113,D,GEORGIA,12,BARROW,,2,1,1,0,89
20321,113,D,GEORGIA,13,SCOTT,,2,2,0,0,89
20962,113,R,GEORGIA,14,GRAVES,,3,2,1,0,22
21125,113,R,IDAHO,1,LABRADOR,,5,1,4,0,22
21371,113,D,ILLINOI,2,KELLY,,2,1,1,0,83
29348,113,D,ILLINOI,4,GUTIERRE,,2,2,0,0,100
20954,113,D,ILLINOI,5,QUIGLEY,,2,2,0,0,100
20715,113,R,ILLINOI,6,ROSKAM,,4,2,2,0,33
29717,113,D,ILLINOI,7,DAVIS,,2,0,2,0,89
21325,113,D,ILLINOI,8,DUCKWORTH,,1,1,0,1,89
29911,113,D,ILLINOI,9,SCHAKOWS,,3,2,1,1,100
21326,113,D,ILLINOI,10,SCHNEIDER,,2,0,2,0,89
20749,113,D,ILLINOI,11,FOSTER,,2,1,1,0,89
21327,113,D,ILLINOI,12,ENYART,,2,0,2,0,100
21328,113,R,ILLINOI,13,DAVIS,,3,1,2,0,44
21129,113,R,ILLINOI,14,HULTGREN,,4,1,3,0,22
29718,113,R,ILLINOI,15,SHIMKUS,,3,0,3,0,44
21329,113,D,ILLINOI,17,BUSTOS,Cheri,3,0,0,1,100
15124,113,D,INDIANA,1,VISCLOSK,Peter,2,0,2,0,89
21131,113,R,INDIANA,4,ROKITA,Todd,2,0,2,0,33
21331,113,R,INDIANA,5,BROOKS,Susan,2,1,1,1,44
21332,113,R,INDIANA,6,MESSER,Luke,3,2,1,0,33
20757,113,D,INDIANA,7,CARSON,Andr_,1,1,0,0,100
21132,113,R,INDIANA,8,BUCSHON,Larry,4,2,2,0,33
21133,113,R,INDIANA,9,YOUNG,Todd,4,3,1,0,44
20719,113,D,IOWA,1,BRALEY,Burce,3,1,2,0,88
29522,113,R,IOWA,3,LATHAM,Tom,3,2,1,0,44
20325,113,R,IOWA,4,KING,Steve,3,0,3,0,22
21134,113,R,KANSAS,1,HUELSKAMP,Tim,4,2,2,0,13
20915,113,R,KANSAS,2,JENKINS,Lynn,2,1,1,1,44
21136,113,R,KANSAS,4,POMPEO,Mike,1,0,1,0,13
29525,113,R,KENTUCK,1,WHITFIEL,Ed,1,1,0,0,33
20916,113,R,KENTUCK,2,GUTHRIE,Brett ,3,2,1,0,33
20723,113,D,KENTUCK,3,YARMUTH,John,1,0,1,0,100
14854,113,R,KENTUCK,5,ROGERS,Harold ,3,1,2,0,33
21333,113,R,KENTUCK,6,BARR,Andy,2,2,0,0,33
20759,113,R,LOUISIA,1,SCALISE,Steve,2,1,1,0,22
20514,113,R,LOUISIA,3,BOUSTANY,Charles,2,1,1,0,44
20919,113,R,LOUISIA,6,CASSIDY,Bill,3,2,1,0,22
20329,113,D,MARYLAN,2,RUPPERSBE,C.A. Dutch,2,1,1,0,89
14873,113,D,MARYLAN,5,HOYER,Steny,3,3,0,0,89
21334,113,D,MARYLAN,6,DELANEY,John,4,4,0,0,100
20330,113,D,MARYLAN,8,VAN HOLLE,Chris,3,1,2,0,100
15616,113,D,MASSACH,1,NEAL,Richard,4,1,3,0,100
20754,113,D,MASSACH,3,TSONGAS,Niki,3,3,0,1,100
21375,113,D,MASSACH,5,CLARK,Katherine,3,0,3,1,50
29919,113,D,MASSACH,7,CAPUANO,Micahel,2,0,2,0,100
20119,113,D,MASSACH,8,LYNCH,Stephen,1,1,0,0,88
21140,113,D,MASSACH,9,KEATING,William,2,1,1,0,89
21142,113,R,MICHIGA,2,HUIZENGA,Bill,5,1,4,0,22
21143,113,R,MICHIGA,3,AMASH,Justin ,3,2,1,0,22
21372,113,D,MICHIGA,5,KILDEE,Daniel,3,1,2,0,100
20120,113,R,MICHIGA,8,ROGERS,Mike,2,1,1,0,44
15033,113,D,MICHIGA,9,LEVIN,Sander,4,2,2,0,89
20331,113,R,MICHIGA,10,MILLER,Candice,1,1,0,1,33
21336,113,R,MICHIGA,11,BENTIVOLIO,Kerry,2,1,1,0,22
10713,113,D,MICHIGA,13,CONYERS,John,2,0,2,0,100
20923,113,D,MICHIGA,14,PETERS,Gary,3,2,1,0,100
20726,113,D,MINNESO,1,WALZ,Timothy,2,1,1,0,89
20333,113,R,MINNESO,2,KLINE,John ,2,1,1,0,44
20924,113,R,MINNESO,3,PAULSEN,Erik,4,4,0,0,44
20122,113,D,MINNESO,4,MCCOLLUM,Betty,2,1,1,1,100
20728,113,R,MINNESO,6,BACHMANN,Michelle,5,3,2,1,11
29127,113,D,MINNESO,7,PETERSON,Collin,3,0,3,0,89
21147,113,R,MISSISS,1,NUNNELEE,Alan,3,1,2,0,0
29368,113,D,MISSISS,2,THOMPSON,Bennie,1,1,0,0,89
20925,113,R,MISSISS,3,HARPER,Greg ,2,1,1,0,44
21148,113,R,MISSISS,4,PALAZZO,Steven ,3,1,2,0,13
20147,113,D,MISSOUR,1,CLAY,WM Lacy,2,1,1,0,89
21337,113,R,MISSOUR,2,WAGNER,Ann,3,1,2,1,22
21149,113,R,MISSOUR,4,HARTZLER,Vicky ,1,1,0,1,11
21150,113,R,MISSOUR,7,LONG,Billy ,1,1,0,0,11
21338,113,R,MONTANA,1,DAINES,Steve,4,2,2,0,44
29921,113,R,NEBRASK,2,TERRY,Lee,3,0,3,0,44
21340,113,D,NEW HAM,2,KUSTER,Ann,2,0,2,1,89
20336,113,R,NEW JER,5,GARRETT,Scott,2,2,0,0,11
20542,113,D,NEW JER,8,SIRES,Albio,1,1,0,0,100
29741,113,D,NEW JER,9,PASCRELL,Bill,3,0,3,0,89
31103,113,D,NEW JER,10,PAYNE,Donald,3,1,2,0,100
29923,113,D,NEW JER,12,HOLT,Rush,3,2,1,0,100
21341,113,D,NEW MEX,1,LUJAN GRIS,Michelle,2,2,0,1,89
20338,113,D,NEW YOR,1,BISHOP,Timothy,2,2,0,0,100
29375,113,R,NEW YOR,2,KING,Peter,2,1,1,0,44
29744,113,D,NEW YOR,4,MCCARTHY,Carolyn,1,0,1,1,83
29776,113,D,NEW YOR,5,MEEKS,Gregory,3,3,0,0,100
21342,113,D,NEW YOR,6,MENG,Grace,2,0,2,1,100
29379,113,D,NEW YOR,12,MALONEY,Carolyn,2,2,0,1,100
13035,113,D,NEW YOR,13,RANGEL,Charles,2,1,1,0,100
29925,113,D,NEW YOR,14,CROWLEY,Jospeh,3,1,2,0,100
29134,113,D,NEW YOR,15,SERRANO,Jos_,5,2,3,0,89
15612,113,D,NEW YOR,17,LOWEY,Nita,3,2,1,1,100
21344,113,D,NEW YOR,18,MALONEY,Sean,3,2,1,0,89
21156,113,R,NEW YOR,19,GIBSON,Christopher,3,2,1,0,67
20957,113,D,NEW YOR,21,OWENS,William,3,2,1,0,89
15444,113,D,NEW YOR,25,SLAUGHTE,Louise,3,3,0,1,100
20519,113,D,NEW YOR,26,HIGGINS,Brian,2,1,1,0,100
21345,113,R,NEW YOR,27,COLLINS,Chris ,2,1,1,0,38
21159,113,R,NORTH C,2,ELLMERS,Renee,1,0,1,1,22
29546,113,R,NORTH C,3,JONES,Walter,1,1,0,0,22
15438,113,D,NORTH C,4,PRICE,David,2,1,1,0,100
20521,113,R,NORTH C,5,FOXX,Virginia,1,1,1,1,22
21350,113,R,NORTH D,1,CRAMER,Kevin,5,2,3,0,44
29550,113,R,OHIO,1,CHABOT,Steve,2,1,1,0,22
21351,113,R,OHIO,2,WENSTRUP,Brad,1,0,1,0,22
21352,113,D,OHIO,3,BEATTY,Joyce,2,1,1,1,89
20738,113,R,OHIO,4,JORDAN,Jim,4,2,2,0,22
20755,113,R,OHIO,5,LATTA,Bob,2,2,0,0,22
21162,113,R,OHIO,6,JOHNSON,William,4,2,2,0,22
21165,113,R,OHIO,7,GIBBS,Robert,3,1,2,0,33
29137,113,R,OHIO,8,BOEHNER,John,2,2,0,0,25
20342,113,R,OHIO,10,TURNER,Michael,2,2,0,0,33
21353,113,R,OHIO,14,JOYCE,David ,3,2,1,0,67
21163,113,R,OHIO,15,STIVERS,Steve,2,1,1,0,44
21354,113,R,OKLAHOM,1,BRIDENSTIN,Jim,3,1,2,0,11
29393,113,R,OKLAHOM,3,LUCAS,Frank ,3,2,1,0,11
20344,113,R,OKLAHOM,4,COLE,Tom,1,0,1,0,44
21166,113,R,OKLAHOM,5,LANKFORD,James,2,2,0,0,11
21198,113,D,OREGON,1,BONAMICI,Suzanne,2,1,1,1,100
29932,113,R,OREGON,2,WALDEN,Greg,1,0,0,0,33
29588,113,D,OREGON,3,BLUMENAU,Earl,2,1,1,0,100
20944,113,D,OREGON,5,SCHRADER,Kurt,5,2,3,0,89
29777,113,D,PENNSYL,1,BRADY,Robert,2,1,1,0,100
21356,113,R,PENNSYL,4,PERRY,Scott,2,2,0,0,22
20946,113,R,PENNSYL,5,THOMPSON,Glenn,3,0,3,0,44
20345,113,R,PENNSYL,6,GERLACH,Jim,3,1,2,0,44
21168,113,R,PENNSYL,7,MEEHAN,Patrick,3,0,3,0,56
20524,113,R,PENNSYL,8,FITZPATRI,Michael,6,3,3,0,44
20134,113,R,PENNSYL,9,SHUSTER,Bill,2,1,1,0,33
21170,113,R,PENNSYL,10,MARINO,Thomas,2,1,1,0,22
21171,113,R,PENNSYL,11,BARLETTA,Lou,4,4,0,0,44
20525,113,D,PENNSYL,13,SCHWARTZ,Allyson,2,0,2,1,100
29561,113,D,PENNSYL,14,DOYLE,Michael,4,1,3,0,89
20526,113,R,PENNSYL,15,DENT,Charles,3,1,2,0,44
29752,113,R,PENNSYL,16,PITTS,Joseph,3,2,1,0,22
21358,113,D,PENNSYL,17,CARTWRIGHT,Matt,2,0,2,0,100
20346,113,R,PENNSYL,18,MURPHY,Tim,1,1,0,0,33
20138,113,R,SOUTH C,2,WILSON,Joe,4,0,4,0,22
21174,113,R,SOUTH C,3,DUNCAN,Jeff,3,0,3,0,11
21175,113,R,SOUTH C,4,GOWDY,Trey,2,0,2,0,22
39301,113,D,SOUTH C,6,CLYBURN,James,3,3,0,0,89
20947,113,R,TENNESS,1,ROE,David,3,1,2,0,22
15455,113,R,TENNESS,2,DUNCAN,John,4,2,2,0,0
21179,113,R,TENNESS,4,DESJARLAIS,Scott,3,1,2,0,22
20351,113,R,TENNESS,7,BLACKBURN,Marsha,2,1,1,1,22
21181,113,R,TENNESS,8,FINCHER,Stephen,3,1,2,0,22
20527,113,R,TEXAS,1,GOHMERT,Louie,3,3,0,0,33
29143,113,R,TEXAS,3,JOHNSON,Sam,3,2,1,0,25
94828,113,R,TEXAS,4,HALL,Ralph,3,0,3,0,22
20352,113,R,TEXAS,5,HENSARLIN,Jeb,2,1,1,0,11
15085,113,R,TEXAS,6,BARTON,Joe,4,2,2,0,25
20139,113,R,TEXAS,7,CULBERSO,John,1,1,0,0,22
20531,113,R,TEXAS,11,CONAWAY,K. Michael,4,3,1,0,22
29762,113,R,TEXAS,12,GRANGER,Kay,3,1,2,1,25
29572,113,R,TEXAS,13,THORNBER,Mac,3,1,2,0,22
21360,113,R,TEXAS,14,WEBER,Randy,3,1,2,0,11
29763,113,D,TEXAS,15,HINOJOSA,Rub_n,5,4,1,0,100
21182,113,R,TEXAS,17,FLORES,Bill ,2,0,2,0,22
29573,113,D,TEXAS,18,JACKSON-,Sheila,2,1,1,1,100
15445,113,R,TEXAS,21,SMITH,Lamar,2,1,1,0,22
20948,113,R,TEXAS,22,OLSON,Pete,2,1,1,0,11
21363,113,D,TEXAS,23,GALLEGO,Pete,1,0,1,0,89
21364,113,R,TEXAS,25,WILLIAMS,Roger,2,2,0,0,22
20533,113,D,TEXAS,28,CUELLAR,Henry,2,2,0,0,78
39304,113,D,TEXAS,29,GREEN,Gene,2,1,1,0,89
39305,113,D,TEXAS,30,JOHNSON,Eddie,1,0,1,0,88
20356,113,R,TEXAS,31,CARTER,John,2,2,1,0,22
29759,113,R,TEXAS,32,SESSIONS,Pete,5,0,5,0,22
21365,113,D,TEXAS,33,VEASEY,Marc,1,0,0,0,100
29571,113,D,TEXAS,35,DOGGETT,Lloyd,2,2,0,0,100
20357,113,R,UTAH,1,BISHOP,Robert,5,1,4,0,22
21367,113,R,UTAH,2,STEWART,Chris,6,2,4,0,22
20949,113,R,UTAH,3,CHAFFETZ,Jason,3,1,3,0,22
20750,113,D,VERMONT,1,WELCH,Peter,5,2,3,0,89
20756,113,R,VIRGINI,1,WITTMAN,Robert,2,1,1,0,33
21185,113,R,VIRGINI,2,RIGELL,E. Scott,4,3,1,0,44
20143,113,R,VIRGINI,4,FORBES,J Randy,4,1,3,0,33
39308,113,R,VIRGINI,6,GOODLATT,Bob,2,1,1,0,22
29149,113,D,VIRGINI,8,MORAN,James,4,2,2,0,100
21191,113,R,VIRGINI,9,GRIFFITH,H. Morgan,3,1,2,0,22
14869,113,R,VIRGINI,10,WOLF,Frank,4,3,1,0,33
20952,113,D,VIRGINI,11,CONNOLLY,Gerald,1,1,0,0,100
31101,113,D,WASHING,1,DELBENE,Suzan,2,1,1,1,100
20145,113,D,WASHING,2,LARSEN,Rick,2,0,2,0,100
29580,113,R,WASHING,4,HASTINGS,Doc,3,2,1,0,33
20535,113,R,WASHING,5,MCMORRIS RO,Cathy,1,0,1,1,44
21368,113,D,WASHING,6,KILMER,Derek,2,2,0,0,100
15613,113,D,WASHING,7,MCDERMOT,Jim,2,1,1,0,89
20536,113,R,WASHING,8,REICHERT,David,3,2,1,0,56
21188,113,R,WEST VI,1,MCKINLEY,David,4,2,2,0,56
14448,113,D,WEST VI,3,RAHALL,Nick,3,2,1,0,89
29939,113,R,WISCONS,1,RYAN,Paul,3,1,2,0,33
29769,113,D,WISCONS,3,KIND,Ron,2,0,2,0,89
20537,113,D,WISCONS,4,MOORE,Gwen,3,0,0,1,100
14657,113,R,WISCONS,5,SENSENBR,F. James,2,0,0,0,22
14675,113,R,WISCONS,6,PETRI,Thomas,1,1,0,0,22
20953,113,R,WYOMING,1,LUMMIS,Cynthia,1,1,0,1,22
20300,112,R,ALABAMA,1,BONNER,Josiah,2,1,1,0,0
21192,112,R,ALABAMA,2,ROBY,Martha,2,1,1,1,0
20301,112,R,ALABAMA,3,ROGERS,Mike,3,1,2,0,0
29701,112,R,ALABAMA,4,ADERHOLT,Robert,2,1,1,0,0
21193,112,R,ALABAMA,5,BROOKS,Mo,4,2,2,0,0
14066,112,R,ALASKA,1,YOUNG,Donald,2,2,0,0,13
21103,112,R,ARIZONA,1,GOSAR,Paul,3,2,1,0,11
20304,112,R,ARIZONA,2,FRANKS,Trent,2,1,1,0,0
21104,112,R,ARIZONA,3,QUAYLE,Benjamin,1,1,0,0,0
29101,112,D,ARIZONA,4,PASTOR,Ed,2,2,0,0,100
21105,112,R,ARIZONA,5,SCHWEIKERT,David,1,1,0,0,0
20100,112,R,ARIZONA,6,FLAKE,Jeff,5,1,4,0,11
20305,112,D,ARIZONA,7,GRIJALVA,Raul,3,3,0,0,100
21106,112,R,ARKANSA,1,CRAWFORD,Rick,2,1,1,0,0
21107,112,R,ARKANSA,2,GRIFFIN,Tim,2,1,1,0,0
21108,112,R,ARKANSA,3,WOMACK,Steve,1,0,1,0,0
20102,112,D,ARKANSA,4,ROSS,Mike,2,1,1,0,60
29901,112,D,CALIFOR,1,THOMPSON,Mike,2,0,1,0,90
14647,112,R,CALIFOR,3,LUNGREN,Dan,3,2,1,0,0
20903,112,R,CALIFOR,4,MCCLINTOCK,Tom,2,1,1,0,10
20538,112,D,CALIFOR,5,MATSUI,Doris,1,0,1,1,80
29309,112,D,CALIFOR,6,WOOLSEY,Lynn,1,0,1,1,100
14256,112,D,CALIFOR,7,MILLER,George,2,0,2,0,80
15448,112,D,CALIFOR,8,PELOSI,Nancy,5,4,1,1,80
20958,112,D,CALIFOR,10,GARAMENDI,John,6,4,2,0,90
20702,112,D,CALIFOR,11,MCNERNEY,Jerry,3,1,2,0,90
20762,112,D,CALIFOR,12,SPEIER,Jackie,2,1,1,1,90
14053,112,D,CALIFOR,13,STARK,"Fortney ""Pete""",7,4,3,0,100
29312,112,D,CALIFOR,14,ESHOO,Anna,2,1,1,1,80
20103,112,D,CALIFOR,15,HONDA,Michael,2,1,1,0,100
29504,112,D,CALIFOR,16,LOFGREN,Zoe,2,1,1,1,100
29313,112,D,CALIFOR,17,FARR,Sam,1,1,0,0,100
20306,112,D,CALIFOR,18,CARDOZA,Dennis,3,2,1,0,80
21109,112,R,CALIFOR,19,DENHAM,Jeff,2,1,1,0,10
20307,112,R,CALIFOR,21,NUNES,Devin,2,2,0,0,10
20703,112,R,CALIFOR,22,MCCARTHY,Kevin,2,1,1,0,0
29774,112,D,CALIFOR,23,CAPPS,Lois,3,2,1,1,100
15413,112,R,CALIFOR,24,GALLEGLY,Elton,4,1,3,0,0
29707,112,D,CALIFOR,27,SHERMAN,Brad,3,3,0,0,90
20104,112,D,CALIFOR,29,SCHIFF,Adam,2,1,1,0,100
14280,112,D,CALIFOR,30,WAXMAN,Henry,2,1,1,0,100
29316,112,D,CALIFOR,31,BECERRA,Xavier,3,3,0,0,80
29317,112,D,CALIFOR,34,ROYBAL-A,Lucille,4,1,1,1,90
29106,112,D,CALIFOR,35,WATERS,Maxime,2,1,1,1,100
21195,112,D,CALIFOR,36,HAHN,Janice,3,1,2,1,100
29903,112,D,CALIFOR,38,NAPOLITA,Grace,5,2,3,1,100
20310,112,D,CALIFOR,39,SANCHEZ,Linda,1,0,1,1,90
29942,112,D,CALIFOR,43,BACA,Joe,4,2,2,0,100
29775,112,R,CALIFOR,45,BONO MACK,Mary,2,1,1,1,20
15621,112,R,CALIFOR,46,ROHRABAC,Dana,3,2,1,1,20
20539,112,R,CALIFOR,48,CAMPBELL,John,2,0,2,0,11
20107,112,R,CALIFOR,49,ISSA,Darrell,1,0,1,0,0
29325,112,D,CALIFOR,51,FILNER,Bob,2,1,1,0,100
20963,112,R,CALIFOR,52,HUNTER,Duncan,3,2,1,0,0
20108,112,D,CALIFOR,53,DAVIS,Susan,2,0,2,1,90
29710,112,D,COLORAD,1,DEGETTE,Diana,2,2,0,1,80
21111,112,R,COLORAD,3,TIPTON,Scott,2,2,0,0,10
29908,112,D,CONNECT,1,LARSON,John,3,2,1,0,80
20706,112,D,CONNECT,2,COURTNEY,Joe,2,1,1,0,100
29109,112,D,CONNECT,3,DELAURO,Rosa,3,2,1,1,100
20907,112,D,CONNECT,4,HIMES,James,2,2,0,0,80
21113,112,D,DELAWAR,1,CARNEY,John,2,0,2,0,80
20110,112,R,FLORIDA,1,MILLER,Jeff,2,0,2,0,0
21114,112,R,FLORIDA,2,SOUTHERLA,Steve,4,4,0,0,0
29328,112,D,FLORIDA,3,BROWN,Corrine,1,1,0,1,90
20111,112,R,FLORIDA,4,CRENSHAW,Ander,2,1,0,0,0
21115,112,R,FLORIDA,5,NUGENT,Richard,3,0,3,0,0
15627,112,R,FLORIDA,6,STEARNS,Cliff,3,0,3,0,0
29331,112,R,FLORIDA,7,MICA,John,2,1,1,0,0
20758,112,R,FLORIDA,9,BILIRAKI,Gus,4,0,4,0,0
13047,112,R,FLORIDA,10,YOUNG,C.W. Bill,3,0,3,0,13
21117,112,R,FLORIDA,12,ROSS,Dennis,2,0,2,0,0
20709,112,R,FLORIDA,13,BUCHANAN,Vern,2,0,2,0,0
20503,112,R,FLORIDA,14,MACK,Connie,2,2,0,0,22
20909,112,R,FLORIDA,15,POSEY,Bill,2,2,0,0,0
20910,112,R,FLORIDA,16,ROONEY,Thomas,3,0,3,0,0
20504,112,D,FLORIDA,20,WASSERMA,Debbie,3,1,2,1,100
21119,112,R,FLORIDA,22,WEST,Allen,2,1,1,0,0
29337,112,D,FLORIDA,23,HASTINGS,Alcee,3,2,1,0,90
21120,112,R,FLORIDA,24,ADAMS,Sandra,3,2,1,1,0
29338,112,R,GEORGIA,1,KINGSTON,Jack,4,2,2,0,0
29339,112,D,GEORGIA,2,BISHOP,Sanford,1,1,0,0,80
20506,112,R,GEORGIA,3,WESTMORE,Lynn,3,3,0,0,0
20712,112,D,GEORGIA,4,JOHNSON,Henry,2,0,2,0,90
15431,112,D,GEORGIA,5,LEWIS,John,1,0,1,0,89
20505,112,R,GEORGIA,6,PRICE,Tom,1,0,1,0,0
21123,112,R,GEORGIA,8,SCOTT,Austin,1,0,1,0,0
20962,112,R,GEORGIA,9,GRAVES,Tom,3,2,1,0,0
20753,112,R,GEORGIA,10,BROUN,Paul,3,2,1,0,20
20319,112,R,GEORGIA,11,GINGREY,Phil,4,2,2,0,0
20507,112,D,GEORGIA,12,BARROW,John,2,1,1,0,60
20321,112,D,GEORGIA,13,SCOTT,David,2,2,0,0,80
29348,112,D,ILLINOI,4,GUTIERRE,Luis,2,2,0,0,78
20954,112,D,ILLINOI,5,QUIGLEY,Mike,2,2,0,0,90
29717,112,D,ILLINOI,7,DAVIS,Danny,2,0,2,0,100
29911,112,D,ILLINOI,9,SCHAKOWS,Janice,3,2,1,1,100
15453,112,D,ILLINOI,12,COSTELLO,Jerry,3,1,2,0,60
29912,112,R,ILLINOI,13,BIGGERT,Judy,4,3,1,1,40
29349,112,R,ILLINOI,16,MANZULLO,Donald,3,1,2,0,0
21130,112,R,ILLINOI,17,SCHILLING,Bobby,10,4,6,0,0
29718,112,R,ILLINOI,19,SHIMKUS,John,3,0,3,0,0
15124,112,D,INDIANA,1,VISCLOSKY,Peter,2,0,2,0,80
20717,112,D,INDIANA,2,DONNELLY,Joe,2,1,2,0,70
21100,112,R,INDIANA,3,STUTZMAN,Marlin,2,0,1,0,0
21131,112,R,INDIANA,4,ROKITA,Todd,2,0,2,0,0
15014,112,R,INDIANA,5,BURTON,Dan,3,2,1,0,0
20117,112,R,INDIANA,6,PENCE,Mike,3,2,1,0,0
20757,112,D,INDIANA,7,CARSON,Andre,1,1,0,0,100
21132,112,R,INDIANA,8,BUCSHON,Larry,4,2,2,0,0
21133,112,R,INDIANA,9,YOUNG,Todd,4,3,1,0,0
20719,112,D,IOWA,1,BRALEY,Bruce,3,1,2,0,100
29721,112,D,IOWA,3,BOSWELL,Leonard,3,2,1,0,100
29522,112,R,IOWA,4,LATHAM,Tom,3,2,1,0,0
20325,112,R,IOWA,5,KING,Steve,3,0,3,0,0
21134,112,R,KANSAS,1,HUELSKAMP,Tim,4,2,2,0,10
20915,112,R,KANSAS,2,JENKINS,Lynn,2,1,1,1,0
21136,112,R,KANSAS,4,POMPEO,Mike,1,0,1,0,0
29525,112,R,KENTUCK,1,WHITFIEL,Ed,1,1,0,0,0
20916,112,R,KENTUCK,2,GUTHRIE,Brett,3,2,1,0,0
20723,112,D,KENTUCK,3,YARMUTH,John,1,0,1,0,100
14854,112,R,KENTUCK,5,ROGERS,Harold,3,1,2,0,0
20326,112,D,KENTUCK,6,CHANDLER,Ben,3,1,2,0,80
20759,112,R,LOUISIA,1,SCALISE,Steve,1,1,0,0,0
21138,112,R,LOUISIA,3,LANDRY,Jeff,1,0,1,0,0
20919,112,R,LOUISIA,6,CASSIDY,Bill,3,2,1,0,0
20514,112,R,LOUISIA,7,BOUSTANY,Charles,2,1,1,0,0
20329,112,D,MARYLAN,2,RUPPERSBE,C.A. Dutch,2,1,1,0,90
14873,112,D,MARYLAN,5,HOYER,Steny,3,3,0,0,80
20330,112,D,MARYLAN,8,VAN HOLLE,Chris,3,1,2,0,100
29123,112,D,MASSACH,1,OLVER,John,1,1,0,0,80
15616,112,D,MASSACH,2,NEAL,Richard,4,1,3,0,80
20754,112,D,MASSACH,5,TSONGAS,Niki,3,3,0,1,100
29919,112,D,MASSACH,8,CAPUANO,Michael,2,0,2,0,89
20119,112,D,MASSACH,9,LYNCH,Stephen,2,2,0,0,90
21140,112,D,MASSACH,10,KEATING,William,2,1,1,0,78
21142,112,R,MICHIGA,2,HUIZENGA,Bill,5,1,4,0,0
21143,112,R,MICHIGA,3,AMASH,Justin,3,2,1,0,10
14430,112,D,MICHIGA,5,KILDEE,Dale,3,1,2,0,90
20120,112,R,MICHIGA,8,ROGERS,Mike,2,1,1,0,0
20923,112,D,MICHIGA,9,PETERS,Gary,3,2,1,0,100
20332,112,R,MICHIGA,11,MCCOTTER,Thaddeus,3,1,2,0,0
15033,112,D,MICHIGA,12,LEVIN,Sander,4,2,2,0,90
10713,112,D,MICHIGA,14,CONYERS,John,2,0,2,0,100
20726,112,D,MINNESO,1,WALZ,Timothy,2,1,1,0,80
20333,112,R,MINNESO,2,KLINE,John,2,1,1,0,0
20924,112,R,MINNESO,3,PAULSEN,Erik,4,4,0,0,10
20122,112,D,MINNESO,4,MCCOLLUM,Betty,2,1,1,1,100
20728,112,R,MINNESO,6,BACHMANN,Michele,5,3,2,1,10
29127,112,D,MINNESO,7,PETERSON,Collin,3,0,3,0,60
21147,112,R,MISSISS,1,NUNNELEE,Alan,3,1,2,0,0
29368,112,D,MISSISS,2,THOMPSON,Bennie,1,1,0,0,80
20925,112,R,MISSISS,3,HARPER,Gregg,2,1,1,0,0
21148,112,R,MISSISS,4,PALAZZO,Steven,3,1,2,0,0
20147,112,D,MISSOUR,1,CLAY,Lacy,2,1,1,0,100
20123,112,R,MISSOUR,2,AKIN,Todd,6,2,4,0,0
20516,112,D,MISSOUR,3,CARNAHAN,Russ,2,0,2,0,100
21149,112,R,MISSOUR,4,HARTZLER,Vicky,1,1,0,1,0
20124,112,R,MISSOUR,6,GRAVES,Sam,3,2,1,0,10
29736,112,R,MISSOUR,8,EMERSON,Jo Ann,8,7,1,1,0
20125,112,R,MONTANA,1,REHBERG,Denny,3,2,1,0,0
29921,112,R,NEBRASK,2,TERRY,Lee,3,0,3,0,0
29922,112,D,NEVADA,1,BERKLEY,Shelley,2,0,2,1,90
20730,112,R,NEVADA,2,HELLER,Dean,4,2,2,0,0
29538,112,R,NEW HAM,2,BASS,Charles,2,1,1,0,33
29132,112,D,NEW JER,1,ANDREWS,Robert,2,2,0,0,80
20336,112,R,NEW JER,5,GARRETT,Scott,2,2,0,0,20
29541,112,R,NEW JER,11,FRELINGH,Rodney,2,2,0,0,33
29923,112,D,NEW JER,12,HOLT,Rush,3,1,2,0,100
20542,112,D,NEW JER,13,SIRES,Albio,1,1,0,0,90
20930,112,D,NEW MEX,1,HEINRICH,Martin,2,0,2,0,100
20338,112,D,NEW YOR,1,BISHOP,Timothy,2,2,0,0,90
29375,112,R,NEW YOR,3,KING,Peter,2,1,1,0,0
29744,112,D,NEW YOR,4,MCCARTHY,Carolyn,1,0,1,1,100
15000,112,D,NEW YOR,5,ACKERMAN,Gary,3,1,2,0,80
29776,112,D,NEW YOR,6,MEEKS,Gregory,3,3,0,0,80
29925,112,D,NEW YOR,7,CROWLEY,Joseph,3,1,2,0,100
21197,112,R,NEW YOR,9,TURNER,Robert,5,2,3,0,0
15072,112,D,NEW YOR,10,TOWNS,Edolphus,2,1,1,0,90
29379,112,D,NEW YOR,14,MALONEY,Carolyn,2,2,0,1,100
13035,112,D,NEW YOR,15,RANGEL,Charles,2,1,1,0,100
29134,112,D,NEW YOR,16,SERRANO,Jose,5,2,3,0,90
15603,112,D,NEW YOR,17,ENGEL,Eliot,3,1,2,0,89
15612,112,D,NEW YOR,18,LOWEY,Nita,3,2,1,1,100
21155,112,R,NEW YOR,19,HAYWORTH,Nan,2,0,2,1,0
21156,112,R,NEW YOR,20,GIBSON,Christopher,3,2,1,0,0
29380,112,D,NEW YOR,22,HINCHEY,Maurice,3,1,2,0,78
20957,112,D,NEW YOR,23,OWENS,William,3,2,1,0,90
21194,112,D,NEW YOR,26,HOCHUL,Kathleen,2,1,1,1,71
20519,112,D,NEW YOR,27,HIGGINS,Brian,2,1,1,0,80
15444,112,D,NEW YOR,28,SLAUGHTE,Louise,3,0,3,1,100
21159,112,R,NORTH C,2,ELLMERS,Renee,1,0,1,1,0
29546,112,R,NORTH C,3,JONES,Walter,1,1,0,0,20
15438,112,D,NORTH C,4,PRICE,David,2,1,1,0,100
20521,112,R,NORTH C,5,FOXX,Virginia,1,1,0,1,0
20938,112,D,NORTH C,8,KISSELL,Larry,2,2,0,0,100
20737,112,D,NORTH C,11,SHULER,Heath,2,1,1,0,33
29383,112,D,NORTH C,12,WATT,Melvin,2,0,2,0,80
21160,112,R,NORTH D,1,BERG,Rick,1,0,1,0,10
29550,112,R,OHIO,1,CHABOT,Steve,2,1,1,0,0
20540,112,R,OHIO,2,SCHMIDT,Jean,1,1,0,1,0
20342,112,R,OHIO,3,TURNER,Michael,2,2,0,0,0
20738,112,R,OHIO,4,JORDAN,James,4,2,2,0,0
20755,112,R,OHIO,5,LATTA,Robert,2,2,0,0,0
21162,112,R,OHIO,6,JOHNSON,William,4,2,2,0,0
29553,112,R,OHIO,14,LATOURET,Steven,5,4,1,0,10
21163,112,R,OHIO,15,STIVERS,Steve,1,1,0,0,0
21165,112,R,OHIO,18,GIBBS,Robert,3,1,2,0,0
20131,112,R,OKLAHOM,1,SULLIVAN,John,4,2,2,0,0
20523,112,D,OKLAHOM,2,BOREN,Dan,1,1,0,0,30
29393,112,R,OKLAHOM,3,LUCAS,Frank,3,2,1,0,0
20344,112,R,OKLAHOM,4,COLE,Tom,1,0,1,0,0
21166,112,R,OKLAHOM,5,LANKFORD,James,2,1,1,0,0
29932,112,R,OREGON,2,WALDEN,Greg,1,0,1,0,10
29588,112,D,OREGON,3,BLUMENAU,Earl,2,1,1,0,100
20944,112,D,OREGON,5,SCHRADER,Kurt,5,2,3,0,80
29777,112,D,PENNSYL,1,BRADY,Robert,2,1,1,0,100
20946,112,R,PENNSYL,5,THOMPSON,Glenn,3,0,3,0,0
20345,112,R,PENNSYL,6,GERLACH,Jim,3,1,2,0,0
21168,112,R,PENNSYL,7,MEEHAN,Patrick,3,0,3,0,20
20524,112,R,PENNSYL,8,FITZPATRI,Michael,6,3,3,0,0
20134,112,R,PENNSYL,9,SHUSTER,Bill,2,1,1,0,0
21170,112,R,PENNSYL,10,MARINO,Thomas,2,1,1,0,0
21171,112,R,PENNSYL,11,BARLETTA,Lou,4,4,0,0,0
20960,112,D,PENNSYL,12,CRITZ,Mark,2,1,1,0,80
20525,112,D,PENNSYL,13,SCHWARTZ,Allyson,2,0,2,1,100
29561,112,D,PENNSYL,14,DOYLE,Michael,4,1,3,0,100
20526,112,R,PENNSYL,15,DENT,Charles,3,1,2,0,20
29752,112,R,PENNSYL,16,PITTS,Joseph,3,2,1,0,10
20346,112,R,PENNSYL,18,MURPHY,Timothy,1,1,0,0,0
20135,112,R,PENNSYL,19,PLATTS,Todd,2,1,1,0,11
20138,112,R,SOUTH C,2,WILSON,Joe,4,0,4,0,0
21174,112,R,SOUTH C,3,DUNCAN,Jeff,3,0,3,0,0
39301,112,D,SOUTH C,6,CLYBURN,James,3,3,0,0,80
20947,112,R,TENNESS,1,ROE,David,3,1,2,0,0
15455,112,R,TENNESS,2,DUNCAN,John,4,2,2,0,0
21179,112,R,TENNESS,4,DESJARLAIS,Scott,3,1,2,0,10
20351,112,R,TENNESS,7,BLACKBURN,Marsha,2,1,1,1,0
21181,112,R,TENNESS,8,FINCHER,Stephen,3,1,2,0,0
20527,112,R,TEXAS,1,GOHMERT,Louie,3,3,0,0,0
20528,112,R,TEXAS,2,POE,Ted,4,3,1,0,10
29143,112,R,TEXAS,3,JOHNSON,Sam,3,2,1,0,0
94828,112,R,TEXAS,4,HALL,Ralph,3,0,3,0,0
20352,112,R,TEXAS,5,HENSARLIN,Jeb,2,1,1,0,0
15085,112,R,TEXAS,6,BARTON,Joe,6,3,3,0,0
20139,112,R,TEXAS,7,CULBERSO,John,1,1,0,0,0
20531,112,R,TEXAS,11,CONAWAY,Michael,4,3,1,0,0
29572,112,R,TEXAS,13,THORNBER,Mac,2,1,1,0,0
14290,112,R,TEXAS,14,PAUL,Ron,5,2,3,0,38
29763,112,D,TEXAS,15,HINOJOSA,Ruben,5,4,1,0,100
29764,112,D,TEXAS,16,REYES,Silvestre,3,2,1,0,80
21182,112,R,TEXAS,17,FLORES,William,2,0,2,0,0
29573,112,D,TEXAS,18,JACKSON-,Sheila,2,1,1,1,90
15445,112,R,TEXAS,21,SMITH,Lamar,2,1,1,0,0
20948,112,R,TEXAS,22,OLSON,Pete,2,1,1,0,0
21183,112,R,TEXAS,23,CANSECO,Francisco,3,1,1,0,10
29571,112,D,TEXAS,25,DOGGETT,Lloyd,2,2,0,0,100
20533,112,D,TEXAS,28,CUELLAR,Henry,2,2,0,0,70
39304,112,D,TEXAS,29,GREEN,Gene,2,1,1,0,80
39305,112,D,TEXAS,30,JOHNSON,Eddie Bernice,1,0,1,1,90
20356,112,R,TEXAS,31,CARTER,John,4,2,2,0,0
29759,112,R,TEXAS,32,SESSIONS,Pete,2,0,2,0,0
20140,112,D,UTAH,2,MATHESON,Jim,2,0,2,0,40
20949,112,R,UTAH,3,CHAFFETZ,Jason,3,1,2,0,0
20750,112,D,VERMONT,1,WELCH,Peter,5,2,3,0,80
20756,112,R,VIRGINI,1,WITTMAN,Rovert,2,0,2,0,0
21185,112,R,VIRGINI,2,RIGELL,Scott,4,3,1,0,0
20143,112,R,VIRGINI,4,FORBES,Randy,4,1,3,0,0
39308,112,R,VIRGINI,6,GOODLATT,Bob,2,1,1,0,0
29149,112,D,VIRGINI,8,MORAN,James,4,2,2,0,100
21191,112,R,VIRGINI,9,GRIFFITH,Morgan,3,1,2,0,20
14869,112,R,VIRGINI,10,WOLF,Frank,5,4,1,0,10
20952,112,D,VIRGINI,11,CONNOLLY,Gerald,1,1,0,0,90
29937,112,D,WASHING,1,INSLEE,Jay,3,0,3,0,67
20145,112,D,WASHING,2,LARSEN,Rick,2,0,2,0,80
29580,112,R,WASHING,4,HASTINGS,Doc,3,2,1,0,10
20535,112,R,WASHING,5,MCMORRIS RO,Cathy,1,0,1,1,0
14413,112,D,WASHING,6,DICKS,Norman,2,0,2,0,80
15613,112,D,WASHING,7,MCDERMOT,Jim,2,1,1,0,80
20536,112,R,WASHING,8,REICHERT,David,3,2,1,0,20
21188,112,R,WEST VI,1,MCKINLEY,David,4,2,2,0,0
14448,112,D,WEST VI,3,RAHALL,Nick,3,2,1,0,70
29939,112,R,WISCONS,1,RYAN,Paul,3,1,2,0,0
29769,112,D,WISCONS,3,KIND,Ron,2,0,2,0,80
14657,112,R,WISCONS,5,SENSENBR,James,2,0,2,0,0
14675,112,R,WISCONS,6,PETRI,Thomas,1,1,0,0,0
20953,112,R,WYOMING,1,LUMMIS,Cynthia,1,1,0,1,0
20300,111,R,ALABAMA,1,BONNER,JO,2,1,1,0,0
20900,111,D,ALABAMA,2,BRIGHT,BOBBY,3,2,1,0,27
20301,111,R,ALABAMA,3,ROGERS,MIKE,3,1,2,0,9
29701,111,R,ALABAMA,4,ADERHOLT,ROBERT,2,1,1,0,0
29301,111,R,ALABAMA,6,BACHUS,SPENCER,5,2,3,0,0
14066,111,R,ALASKA,1,YOUNG,DON,2,2,0,0,9
20902,111,D,ARIZONA,1,KIRKPATRICK,ANN,2,2,0,1,82
29501,111,R,ARIZONA,3,SHADEGG,JOHN,2,1,1,0,0
29101,111,D,ARIZONA,4,PASTOR,ED,2,2,0,0,100
20100,111,R,ARIZONA,6,FLAKE,JEFF,5,1,4,0,0
20305,111,D,ARIZONA,7,GRIJALVA,RAUL,3,3,0,0,100
29702,111,D,ARKANSA,1,BERRY,MARION,2,1,1,0,50
20101,111,R,ARKANSA,3,BOOZMAN,JOHN,3,3,0,0,0
20102,111,D,ARKANSA,4,ROSS,MIKE,2,1,1,0,55
29901,111,D,CALIFOR,1,THOMPSON,MIKE,2,0,2,0,82
14647,111,R,CALIFOR,3,LUNGREN,DANIEL,3,2,1,0,0
20538,111,D,CALIFOR,5,MATSUI,DORIS,2,0,2,1,91
14256,111,D,CALIFOR,7,MILLER,GEORGE,2,0,2,0,90
15448,111,D,CALIFOR,8,PELOSI,NANCY,5,4,1,1,80
20702,111,D,CALIFOR,11,MCNERNEY,JERRY,3,1,2,0,80
20762,111,D,CALIFOR,12,SPEIER,JACKIE,2,1,1,1,91
14053,111,D,CALIFOR,13,STARK,FORTNEY,7,4,3,0,90
20103,111,D,CALIFOR,15,HONDA,MICHAEL,2,1,1,0,100
29504,111,D,CALIFOR,16,LOFGREN,ZOE,2,1,1,1,100
29313,111,D,CALIFOR,17,FARR,SAM,1,1,0,0,91
20306,111,D,CALIFOR,18,CARDOZA,DENNIS,3,2,1,0,73
20703,111,R,CALIFOR,22,MCCARTHY,KEVIN,2,1,1,0,0
29774,111,D,CALIFOR,23,CAPPS,LOIS,3,2,1,1,91
15413,111,R,CALIFOR,24,GALLEGLY,ELTON,4,1,3,0,0
29315,111,R,CALIFOR,25,MCKEON,HOWARD,6,3,3,0,0
15005,111,D,CALIFOR,28,BERMAN,HOWARD,2,2,0,0,91
20104,111,D,CALIFOR,29,SCHIFF,ADAM,2,1,1,0,100
14280,111,D,CALIFOR,30,WAXMAN,HENRY,2,1,1,0,91
29316,111,D,CALIFOR,31,BECERRA,XAVIER,3,3,0,0,82
29317,111,D,CALIFOR,34,ROYBAL-A,LUCILLE,2,1,1,1,91
29106,111,D,CALIFOR,35,WATERS,MAXINE,2,1,1,1,80
29318,111,D,CALIFOR,36,HARMAN,JANE,4,2,2,1,82
29903,111,D,CALIFOR,38,NAPOLITANO,GRACE,5,2,3,1,91
29905,111,R,CALIFOR,42,MILLER,GARY,4,2,2,0,0
29942,111,D,CALIFOR,43,BACA,JOE,4,2,2,0,80
29775,111,R,CALIFOR,45,BONO MACK,MARY,2,1,1,1,9
20539,111,R,CALIFOR,48,CAMPBELL,JOHN,2,0,2,0,0
20107,111,R,CALIFOR,49,ISSA,DARRELL,1,0,1,0,0
29325,111,D,CALIFOR,51,FILNER,BOB,2,1,1,0,100
20963,111,R,CALIFOR,52,HUNTER,DUNCAN,3,2,1,0,0
20108,111,D,CALIFOR,53,DAVIS,SUSAN,2,0,2,1,91
20502,111,D,COLORAD,3,SALAZAR,JOHN,3,0,3,0,73
29908,111,D,CONNECT,1,LARSON,JOHN,3,2,1,0,91
20706,111,D,CONNECT,2,COURTNEY,JOE,2,1,1,0,90
29109,111,D,CONNECT,3,DELAURO,ROSA,3,2,1,1,100
20907,111,D,CONNECT,4,HIMES,JAMES,2,2,0,0,82
20110,111,R,FLORIDA,1,MILLER,JEFF,2,0,2,0,0
29713,111,D,FLORIDA,2,BOYD,ALLEN,4,1,3,0,60
29328,111,D,FLORIDA,3,BROWN,CORRINE,1,1,0,1,100
20111,111,R,FLORIDA,4,CRENSHAW,ANDER,2,2,0,0,9
20313,111,R,FLORIDA,5,BROWN-WAI,GINNY,3,3,0,1,0
15627,111,R,FLORIDA,6,STEARNS,CLIFF,3,0,3,0,0
29331,111,R,FLORIDA,7,MICA,JOHN,2,1,1,0,0
20908,111,D,FLORIDA,8,GRAYSON,ALAN,5,3,2,0,91
20758,111,R,FLORIDA,9,BILIRAKIS,GUS,4,0,4,0,0
13047,111,R,FLORIDA,10,YOUNG,C.W.,3,0,3,0,0
20709,111,R,FLORIDA,13,BUCHANAN,VERN,2,0,2,0,9
20503,111,R,FLORIDA,14,MACK,CONNIE,2,2,0,0,0
20909,111,R,FLORIDA,15,POSEY,BILL,2,2,0,0,0
20910,111,R,FLORIDA,16,ROONEY,THOMAS,3,0,3,0,0
20358,111,D,FLORIDA,17,MEEK,KENDRICK,2,1,1,0,91
15634,111,R,FLORIDA,18,ROS-LEHTINEN,ILENIA,2,2,0,1,45
20504,111,D,FLORIDA,20,WASSERMAN,DEBBIE,3,2,1,1,91
29336,111,R,FLORIDA,21,DIAZ-BALART,LINCOLN,2,0,2,0,27
20711,111,D,FLORIDA,22,KLEIN,RON,2,1,1,0,82
29337,111,D,FLORIDA,23,HASTINGS,ALCEE,3,2,1,0,100
20911,111,D,FLORIDA,24,KOSMAS,SUZANNE,4,1,3,1,73
29338,111,R,GEORGIA,1,KINGSTON,JACK ,4,2,2,0,0
29339,111,D,GEORGIA,2,BISHOP,SANFORD,1,1,0,0,64
20506,111,R,GEORGIA,3,WESTMORELAND,LYNN,3,2,1,0,0
15431,111,D,GEORGIA,5,LEWIS,JOHN,1,0,1,0,100
20505,111,R,GEORGIA,6,PRICE,TOM,1,0,1,0,0
29341,111,R,GEORGIA,7,LINDER,JOHN,2,1,1,0,0
20317,111,D,GEORGIA,8,MARSHALL,JIM,2,1,1,0,64
99342,111,R,GEORGIA,9,DEAL,NATHAN,4,3,1,0,0
20753,111,R,GEORGIA,10,BROUN,PAUL,3,2,1,0,0
20319,111,R,GEORGIA,11,GINGREY,PHIL,4,3,1,0,0
20507,111,D,GEORGIA,12,BARROW,JOHN,2,1,1,0,73
20321,111,D,GEORGIA,13,SCOTT,DAVID,2,2,0,0,82
29348,111,D,ILLINOI,4,GUTIERREZ,LUIS,2,2,0,0,91
20954,111,D,ILLINOI,5,QUIGLEY,MIKE,2,2,0,0,75
29717,111,D,ILLINOI,7,DAVIS,DANNY,2,0,2,0,100
20509,111,D,ILLINOI,8,BEAN,MELISSA,2,2,0,1,82
29911,111,D,ILLINOI,9,SCHAKOWSKY,JANICE,3,2,1,1,100
15453,111,D,ILLINOI,12,COSTELLO,JERRY,3,1,2,0,73
29912,111,R,ILLINOI,13,BIGGERT,JUDY,4,3,1,1,27
20749,111,D,ILLINOI,14,FOSTER,BILL,2,1,1,0,82
29349,111,R,ILLINOI,16,MANZULLO,DONALD,3,1,2,0,0
20716,111,D,ILLINOI,17,HARE,PHIL,2,1,1,0,100
29718,111,R,ILLINOI,19,SHIMKUS,JOHN,3,0,3,0,0
15124,111,D,INDIANA,1,VISCLOSKY,PETER,2,0,2,0,82
20717,111,D,INDIANA,2,DONNELLY,JOE,2,1,1,0,55
29519,111,R,INDIANA,3,SOUDER,MARK,3,1,2,0,0
29350,111,R,INDIANA,4,BUYER,STEVE,2,1,1,0,9
15014,111,R,INDIANA,5,BURTON,DAN,3,2,1,0,0
20117,111,R,INDIANA,6,PENCE,MIKE,3,2,1,0,0
20757,111,D,INDIANA,7,CARSON,ANDRE,1,1,0,0,91
20718,111,D,INDIANA,8,ELLSWORTH,BRAD,1,1,0,0,64
29914,111,D,INDIANA,9,HILL,BARON,3,3,0,0,73
20719,111,D,IOWA,1,BRALEY,BRUCE,3,1,2,0,91
29721,111,D,IOWA,3,BOSWELL,LEONARD,3,2,1,0,80
29522,111,R,IOWA,4,LATHAM,TOM,3,2,1,0,0
20325,111,R,IOWA,5,KING,STEVE,3,0,3,0,0
29722,111,R,KANSAS,1,MORAN,JERRY,2,2,0,0,0
20915,111,R,KANSAS,2,JENKINS,LYNN,2,1,1,1,0
29915,111,D,KANSAS,3,MOORE,DENNIS,7,2,5,0,82
29524,111,R,KANSAS,4,TIAHRT,TODD,3,1,2,0,0
29525,111,R,KENTUCK,1,WHITFIELD,ED,1,1,0,0,10
20916,111,R,KENTUCK,2,GUTHRIE,BRETT,3,2,1,0,0
20723,111,D,KENTUCK,3,YARMUTH,JOHN,1,0,1,0,82
14854,111,R,KENTUCK,5,ROGERS,HAROLD,3,1,2,0,0
20326,111,D,KENTUCK,6,CHANDLER,BEN,3,1,2,0,73
20759,111,R,LOUISIA,1,SCALISE,STEVE,1,1,0,0,0
20917,111,R,LOUISIA,2,CAO,ANH,2,2,0,0,55
20513,111,D,LOUISIA,3,MELANCON,CHARLIE,2,1,1,0,56
20919,111,R,LOUISIA,6,CASSIDY,BILL,3,2,1,0,9
20514,111,R,LOUISIA,7,BOUSTANY,CHARLES,2,1,1,0,0
20921,111,D,MARYLAN,1,KRATOVIL,FRANK,4,0,4,0,82
20329,111,D,MARYLAN,2,RUPPERSBERGER,C.A.,2,1,1,0,78
14873,111,D,MARYLAN,5,HOYER,STENY,3,3,0,0,82
20330,111,D,MARYLAN,8,VAN HOLLEN,CHRIS ,3,1,2,0,100
29123,111,D,MASSACH,1,OLVER,JOHN,1,1,0,0,91
15616,111,D,MASSACH,2,NEAL,RICHARD,4,1,3,0,73
20754,111,D,MASSACH,5,TSONGAS,NIKI,3,3,0,1,9
29919,111,D,MASSACH,8,CAPUANO,MICHAEL,2,0,2,0,90
20119,111,D,MASSACH,9,LYNCH,STEPHEN,2,2,0,0,82
29731,111,D,MASSACH,10,DELAHUNT,BILL,2,2,0,0,80
29360,111,D,MICHIGA,1,STUPAK,BART,2,0,2,0,60
29361,111,R,MICHIGA,2,HOEKSTRA,PETER,3,2,1,0,0
29362,111,R,MICHIGA,3,EHLERS,VERNON,4,2,2,0,9
14430,111,D,MICHIGA,5,KILDEE,DALE,3,1,2,0,82
20120,111,R,MICHIGA,8,ROGERS,MIKE,2,1,1,0,0
20923,111,D,MICHIGA,9,PETERS,GARY,3,2,1,0,82
20331,111,R,MICHIGA,10,MILLER,CANDICE,1,1,0,1,0
20332,111,R,MICHIGA,11,MCCOTTER,THADDEUS,3,1,2,0,0
15033,111,D,MICHIGA,12,LEVIN,SANDER,4,2,2,0,82
29733,111,D,MICHIGA,13,KILPATRICK,CAROLYN,2,1,1,1,91
10713,111,D,MICHIGA,14,CONYERS,JOHN,2,0,2,0,100
20726,111,D,MINNESO,1,WALZ,TIMOTHY,2,1,1,0,91
20333,111,R,MINNESO,2,KLINE,JOHN,2,1,1,0,0
20924,111,R,MINNESO,3,PAULSEN,ERIK,4,4,0,0,0
20122,111,D,MINNESO,4,MCCOLLUM,BETTY,2,1,1,1,100
20728,111,R,MINNESO,6,BACHMANN,MICHELE,5,3,2,1,0
29127,111,D,MINNESO,7,PETERSON,COLLIN,3,0,3,0,45
14265,111,D,MINNESO,8,OBERSTAR,JAMES,6,4,2,0,82
20761,111,D,MISSISS,1,CHILDERS,TRAVIS,2,1,1,0,45
29368,111,D,MISSISS,2,THOMPSON,BENNIE,1,1,0,0,82
20925,111,R,MISSISS,3,HARPER,GREGG,2,1,1,0,0
15637,111,D,MISSISS,4,TAYLOR,GENE,3,2,1,0,45
20147,111,D,MISSOUR,1,CLAY,WM. LACY,2,1,1,0,91
20123,111,R,MISSOUR,2,AKIN,W. TODD,6,2,4,0,0
20516,111,D,MISSOUR,3,CARNAHAN,RUSS,2,0,2,0,91
14451,111,D,MISSOUR,4,SKELTON,IKE,3,1,2,0,60
20124,111,R,MISSOUR,6,GRAVES,SAM,3,2,1,0,0
29735,111,R,MISSOUR,7,BLUNT,ROY,1,0,1,0,0
29736,111,R,MISSOUR,8,EMERSON,JO ANN,8,7,1,1,0
20125,111,R,MONTANA,1,REHBERG,DENNY,3,2,1,0,0
29921,111,R,NEBRASK,2,TERRY,LEE,3,0,3,0,9
29922,111,D,NEVADA,1,BERKLEY,SHELLEY,2,0,2,1,91
20730,111,R,NEVADA,2,HELLER,DEAN,4,2,2,0,0
20732,111,D,NEW HAM,2,HODES,PAUL,2,1,1,0,82
29132,111,D,NEW JER,1,ANDREWS,ROBERT,2,2,0,0,82
20928,111,D,NEW JER,3,ADLER,JOHN,4,0,4,0,82
20336,111,R,NEW JER,5,GARRETT,SCOTT,2,2,0,0,0
29741,111,D,NEW JER,8,PASCRELL,BILL,3,0,3,0,91
29541,111,R,NEW JER,11,FRELINGHUYSEN,RODNEY,2,2,0,0,9
29923,111,D,NEW JER,12,HOLT,RUSH,3,2,1,0,91
20542,111,D,NEW JER,13,SIRES,ALBIO,1,1,0,0,100
20930,111,D,NEW MEX,1,HEINRICH,MARTIN,2,0,2,0,91
20931,111,D,NEW MEX,2,TEAGUE,HARRY,2,1,1,0,70
20338,111,D,NEW YOR,1,BISHOP,TIMOTHY,2,2,0,0,91
29375,111,R,NEW YOR,3,KING,PETER,2,1,1,0,0
29744,111,D,NEW YOR,4,MCCARTHY,CAROLYN,1,0,1,1,91
15000,111,D,NEW YOR,5,ACKERMAN,GARY,3,1,2,0,91
29776,111,D,NEW YOR,6,MEEKS,GREGORY,3,3,0,0,91
29925,111,D,NEW YOR,7,CROWLEY,JOSEPH,3,1,2,0,82
15072,111,D,NEW YOR,10,TOWNS,EDOLPHUS,2,1,1,0,82
20933,111,D,NEW YOR,13,MCMAHON,MICHAEL,2,1,1,0,73
29379,111,D,NEW YOR,14,MALONEY,CAROLYN,2,2,0,1,100
13035,111,D,NEW YOR,15,RANGEL,CHARLES,2,1,1,0,91
29134,111,D,NEW YOR,16,SERRANO,JOSE  ,5,2,3,0,100
15603,111,D,NEW YOR,17,ENGEL,ELIOT,3,1,2,0,82
15612,111,D,NEW YOR,18,LOWEY,NITA,3,2,1,1,100
20734,111,D,NEW YOR,19,HALL,JOHN,1,1,0,0,82
20956,111,D,NEW YOR,20,MURPHY,SCOTT,3,1,2,0,75
29380,111,D,NEW YOR,22,HINCHEY,MAURICE,3,1,2,0,91
20936,111,R,NEW YOR,26,LEE,CHRISTOPHER,1,0,1,0,10
20519,111,D,NEW YOR,27,HIGGINS,BRIAN,2,1,1,0,82
15444,111,D,NEW YOR,28,SLAUGHTER,LOUISE,3,3,0,1,82
29745,111,D,NORTH C,2,ETHERIDGE,BOB,3,1,2,0,64
29546,111,R,NORTH C,3,JONES,WALTER,1,1,0,0,0
15438,111,D,NORTH C,4,PRICE,DAVID,2,1,1,0,91
20521,111,R,NORTH C,5,FOXX,VIRGINIA,1,1,0,1,0
20938,111,D,NORTH C,8,KISSELL,LARRY,2,1,1,0,82
20737,111,D,NORTH C,11,SHULER,HEALTH,2,1,1,0,40
29383,111,D,NORTH C,12,WATT,MELVIN,2,0,2,0,82
29384,111,D,NORTH D,1,POMEROY,EARL,2,1,1,0,64
20939,111,D,OHIO,1,DRIEHAUS,STEVE,3,1,2,0,73
20540,111,R,OHIO,2,SCHMIDT,JEAN,1,1,0,1,0
20342,111,R,OHIO,3,TURNER,MICHAEL,2,2,0,0,9
20738,111,R,OHIO,4,JORDAN,JIM,4,2,2,0,0
20755,111,R,OHIO,5,LATTA,BOB,2,2,0,0,0
20739,111,D,OHIO,6,WILSON,CHARLES,4,0,4,0,70
29137,111,R,OHIO,8,BOEHNER,JOHN,2,2,0,0,0
29748,111,D,OHIO,10,KUCINICH,DENNIS,1,1,0,0,91
29553,111,R,OHIO,14,LATOURETTE,STEVEN,5,4,1,0,9
20942,111,D,OHIO,15,KILROY,MARY JO,2,2,0,1,91
20741,111,D,OHIO,18,SPACE,ZACHARY,2,1,1,0,73
20131,111,R,OKLAHOM,1,SULLIVAN,JOHN,4,2,2,0,0
20523,111,D,OKLAHOM,2,BOREN,DAN  ,1,1,0,0,44
29393,111,R,OKLAHOM,3,LUCAS,FRANK,3,2,1,0,0
20344,111,R,OKLAHOM,4,COLE,TOM,1,0,1,0,0
20742,111,R,OKLAHOM,5,FALLIN,MARY    ,2,1,1,1,0
29931,111,D,OREGON,1,WU,DAVID,2,1,1,0,82
29932,111,R,OREGON,2,WALDEN,GREG  ,1,0,1,0,9
29588,111,D,OREGON,3,BLUMENAUR,EARL,2,1,1,0,90
20944,111,D,OREGON,5,SCHRADER,KURT,5,2,3,0,73
29777,111,D,PENNSYL,1,BRADY,ROBERT,2,1,1,0,91
20946,111,R,PENNSYL,5,THOMPSON,GLENN,3,0,3,0,0
20345,111,R,PENNSYL,6,GERLACH,JIM,3,1,2,0,27
20744,111,D,PENNSYL,7,SESTAK,JOE,1,1,0,0,100
20745,111,D,PENNSYL,8,MURPHY,PATRICK,1,1,0,0,82
20134,111,R,PENNSYL,9,SHUSTER,BILL,2,1,1,0,0
20746,111,D,PENNSYL,10,CARNEY,CHRISTOPHER,5,2,3,0,55
15104,111,D,PENNSYL,11,KANJORSKI,PAUL,1,1,0,0,55
14072,111,D,PENNSYL,12,MURTHA,JOHN,3,1,2,0,63
20525,111,D,PENNSYL,13,SCHWARTZ,ALLYSON,2,0,2,1,91
29561,111,D,PENNSYL,14,DOYLE,MICHAEL,4,1,3,0,82
20526,111,R,PENNSYL,15,DENT,CHARLES,3,1,2,0,27
29752,111,R,PENNSYL,16,PITTS,JOSEPH,3,2,1,0,0
20346,111,R,PENNSYL,18,MURPHY,TIM,1,0,1,0,9
20135,111,R,PENNSYL,19,PLATTS,TODD,2,1,1,0,27
20138,111,R,SOUTH C,2,WILSON,JOE,4,0,4,0,0
20347,111,R,SOUTH C,3,BARRETT,J. GRESHAM,3,1,2,0,0
15064,111,D,SOUTH C,5,SPRATT,JOHN,3,3,0,0,64
39301,111,D,SOUTH C,6,CLYBURN,JAMES,3,3,0,0,80
20947,111,R,TENNESS,1,ROE,DAVID,3,1,2,0,0
15455,111,R,TENNESS,2,DUNCAN,JOHN,4,2,2,0,0
29567,111,R,TENNESS,3,WAMP,ZACH    ,2,0,2,0,9
20350,111,D,TENNESS,4,DAVIS,LINCOLN,3,3,0,0,55
15019,111,D,TENNESS,5,COOPER,JIM,3,1,2,0,73
15100,111,D,TENNESS,6,GORDON,BART,1,1,0,0,64
20351,111,R,TENNESS,7,BLACKBURN,MARSHA,2,1,1,1,0
15628,111,D,TENNESS,8,TANNER,JOHN,2,1,1,0,50
20527,111,R,TEXAS,1,GOHMERT,LOUIE ,3,3,0,0,0
20528,111,R,TEXAS,2,POE,TED,4,3,1,0,0
29143,111,R,TEXAS,3,JOHNSON,SAM,3,2,1,0,0
94828,111,R,TEXAS,4,HALL,RALPH,3,0,3,0,0
20352,111,R,TEXAS,5,HENSARLING,JEB,2,1,1,0,0
15085,111,R,TEXAS,6,BARTON,JOE,6,2,3,0,0
20139,111,R,TEXAS,7,CULBERSON,JOHN,1,1,0,0,0
20531,111,R,TEXAS,11,CONAWAY,K. MICHAEL,4,3,1,0,0
29762,111,R,TEXAS,12,GRANGER,KAY,3,1,2,1,0
29572,111,R,TEXAS,13,THORNBERRY,MAC,2,1,1,0,0
14290,111,R,TEXAS,14,PAUL,RON,5,2,3,0,10
29763,111,D,TEXAS,15,HINOJOSA,RUBEN,5,4,1,0,90
29764,111,D,TEXAS,16,REYES,SILVESTRE,3,2,1,0,73
29144,111,D,TEXAS,17,EDWARDS,CHET,2,0,2,0,73
29573,111,D,TEXAS,18,JACKSON LEE,SHEILA,2,1,1,1,100
15445,111,R,TEXAS,21,SMITH,LAMAR,2,0,2,0,10
20948,111,R,TEXAS,22,OLSON,PETE,2,1,1,0,0
29771,111,D,TEXAS,23,RODRIGUEZ,CIRO,1,1,0,0,82
29571,111,D,TEXAS,25,DOGGETT,LLOYD,2,2,0,0,82
15049,111,D,TEXAS,27,ORTIZ,SOLOMON,2,1,1,0,73
20533,111,D,TEXAS,28,CUELLAR,HENRY,2,2,0,0,73
39304,111,D,TEXAS,29,GREEN,GENE,2,1,1,0,82
20356,111,R,TEXAS,31,CARTER,JOHN,4,2,2,0,0
29759,111,R,TEXAS,32,SESSIONS,PETE,2,0,2,0,0
20357,111,R,UTAH,1,BISHOP,ROB   ,5,1,4,0,0
20140,111,D,UTAH,2,MATHESON,JIM,2,0,2,0,73
20949,111,R,UTAH,3,CHAFFETZ,JASON,3,2,1,0,0
20750,111,D,VERMONT,1,WELCH,PETER,5,2,3,0,82
20756,111,R,VIRGINI,1,WITTMAN,ROBERT,2,0,2,0,9
20143,111,R,VIRGINI,4,FORBES,J. RANDY,4,1,3,0,0
39308,111,R,VIRGINI,6,GOODLATTE,BOB,2,1,1,0,0
29149,111,D,VIRGINI,8,MORAN,JAMES,4,2,2,0,91
14869,111,R,VIRGINI,10,WOLF,FRANK,5,4,1,0,18
20952,111,D,VIRGINI,11,CONNOLLY,GERALD,1,1,0,0,91
29937,111,D,WASHING,1,INSLEE,JAY,3,0,3,0,82
20145,111,D,WASHING,2,LARSEN,RICK,2,0,2,0,82
29580,111,R,WASHING,4,HASTINGS,DOC,3,2,1,0,0
20535,111,R,WASHING,5,MCMORRIS RODGERS,CATHY,1,0,1,1,0
14413,111,D,WASHING,6,DICKS,NORMAN,2,0,2,0,82
15613,111,D,WASHING,7,MCDERMOTT,JIM,2,1,1,0,100
20536,111,R,WASHING,8,REICHERT,DAVID,3,2,1,0,36
15083,111,D,WEST VI,1,MOLLOHAN,ALAN,5,1,4,0,73
14448,111,D,WEST VI,3,RAHALL,NICK,3,2,1,0,64
29939,111,R,WISCONS,1,RYAN,PAUL,3,1,2,0,0
29769,111,D,WISCONS,3,KIND,RON,2,0,2,0,82
20537,111,D,WISCONS,4,MOORE,GWEN,3,0,0,1,90
14657,111,R,WISCONS,5,SENSENBRENNER,F. JAMES,2,0,2,0,0
14675,111,R,WISCONS,6,PETRI,THOMAS,1,1,0,0,9
12036,111,D,WISCONS,7,OBEY,DAVID,2,0,2,0,73
20953,111,R,WYOMING,1,LUMMIS,CYNTHIA,1,1,0,1,0
29701,110,R,ALABAMA,4,ADERHOLT,Robert ,2,1,1,0,50
29301,110,R,ALABAMA,6,BACHUS,Spencer ,5,2,3,0,30
20300,110,R,ALABAMA,1,BONNER,Jo,2,1,1,0,40
29100,110,D,ALABAMA,5,CRAMER,Robert (Bud),1,1,0,0,77
20301,110,R,ALABAMA,3,ROGERS,Mike,3,1,2,0,60
14066,110,R,ALASKA,1,YOUNG,Don,2,2,0,0,75
20100,110,R,ARIZONA,6,FLAKE,Jeff,5,1,4,0,0
20305,110,D,ARIZONA,7,GRIJALVA,Raul,3,3,0,0,100
29101,110,D,ARIZONA,4,PASTOR,Ed,2,2,0,0,100
29501,110,R,ARIZONA,3,SHADEGG,John,2,1,1,0,10
29702,110,D,ARKANSA,1,BERRY,Marion,2,1,1,0,90
20101,110,R,ARKANSA,3,BOOZMAN,John,3,3,0,0,50
20102,110,D,ARKANSA,4,ROSS,Mike ,2,1,1,0,90
29942,110,D,CALIFOR,43,BACA,Joe,4,2,2,0,100
29316,110,D,CALIFOR,31,BECERRA,Xavier,3,3,0,0,100
15005,110,D,CALIFOR,28,BERMAN,Howard,2,2,0,0,100
29775,110,R,CALIFOR,45,BONO ,Mary ,2,1,1,1,66
20539,110,R,CALIFOR,48,CAMPBELL,John,2,0,2,0,0
29774,110,D,CALIFOR,23,CAPPS,Lois,3,2,1,1,100
20306,110,D,CALIFOR,18,CARDOZA,Dennis,3,2,1,0,100
20108,110,D,CALIFOR,53,DAVIS,Susan,2,0,2,1,100
29104,110,R,CALIFOR,4,DOOLITTL,John,2,1,1,0,10
29313,110,D,CALIFOR,17,FARR,Sam,1,1,0,0,100
29325,110,D,CALIFOR,51,FILNER,Bob,2,1,1,0,100
15413,110,R,CALIFOR,24,GALLEGLY,Elton,4,1,3,0,30
29318,110,D,CALIFOR,36,HARMAN,Jane,4,2,2,1,100
20103,110,D,CALIFOR,15,HONDA,Michael,2,1,1,0,100
14835,110,R,CALIFOR,52,HUNTER,Duncan,2,0,2,0,33
20107,110,R,CALIFOR,49,ISSA,Darrell,1,0,1,0,20
14837,110,D,CALIFOR,12,LANTOS,Tom,2,2,0,0,100
29504,110,D,CALIFOR,16,LOFGREN,Zoe,2,1,1,1,100
14647,110,R,CALIFOR,3,LUNGREN,Daniel,3,2,1,0,20
20538,110,D,CALIFOR,5,MATSUI,Doris,1,0,1,1,100
20703,110,R,CALIFOR,22,MCCARTHY,Kevin,2,1,1,0,40
29315,110,R,CALIFOR,25,MCKEON,Howard,6,3,3,0,30
20702,110,D,CALIFOR,11,MCNERNEY,Jerry,3,0,3,0,100
29905,110,R,CALIFOR,42,MILLER,Gary ,4,2,2,0,33
14256,110,D,CALIFOR,7,MILLER,George,2,0,2,0,100
29903,110,D,CALIFOR,38,NAPOLITA,Grace,5,2,3,1,100
15448,110,D,CALIFOR,8,PELOSI,Nancy,5,4,1,1,100
29317,110,D,CALIFOR,34,ROYBAL-A,Lucille ,2,1,1,1,100
20104,110,D,CALIFOR,29,SCHIFF,Adam,2,1,1,0,100
14053,110,D,CALIFOR,13,STARK,Fortney Pete,7,4,3,0,100
29705,110,D,CALIFOR,10,TAUSCHER,Ellen,1,1,0,1,100
29901,110,D,CALIFOR,1,THOMPSON,Mike,2,0,2,0,100
29106,110,D,CALIFOR,35,WATERS,Maxine,2,1,1,1,100
14280,110,D,CALIFOR,30,WAXMAN,Henry,2,1,1,0,100
29309,110,D,CALIFOR,6,WOOLSEY,Lynn,4,1,3,1,100
20502,110,D,COLORAD,3,SALAZAR,John,3,0,3,0,100
29907,110,R,COLORAD,6,TANCREDO,Thomas ,2,0,2,0,16
20706,110,D,CONNECT,2,COURTNEY,Joe,2,1,1,0,100
29109,110,D,CONNECT,3,DELAURO,Rosa,3,2,1,1,100
29908,110,D,CONNECT,1,LARSON,John,3,2,1,0,100
15449,110,R,CONNECT,4,SHAYS,Christopher,1,0,1,0,100
20758,110,R,FLORIDA,9,BILIRAKI,Gus,4,0,4,0,50
29713,110,D,FLORIDA,2,BOYD,Allen,4,1,3,0,87
29328,110,D,FLORIDA,3,BROWN,Corrine,1,1,0,1,100
20313,110,R,FLORIDA,5,BROWN-WAI,Ginny,3,3,0,1,66
20709,110,R,FLORIDA,13,BUCHANAN,Vern,2,0,2,0,50
20111,110,R,FLORIDA,4,CRENSHAW,Ander,2,2,0,0,33
29336,110,R,FLORIDA,21,DIAZ-BAL,Lincoln,2,0,2,0,80
20315,110,R,FLORIDA,24,FEENEY,Tom,2,0,2,0,10
29337,110,D,FLORIDA,23,HASTINGS,Alcee,3,2,1,0,100
20112,110,R,FLORIDA,8,KELLER,Ric,3,2,1,0,50
20711,110,D,FLORIDA,22,KLEIN,Ron,2,1,1,0,100
20503,110,R,FLORIDA,14,MACK,Connie,2,1,1,0,10
20710,110,D,FLORIDA,16,MAHONEY,Tim,1,1,0,0,90
20358,110,D,FLORIDA,17,MEEK,Kendrick,2,1,1,0,100
29331,110,R,FLORIDA,7,MICA,John,2,1,1,0,33
20110,110,R,FLORIDA,1,MILLER,Jeff,2,0,2,0,10
15634,110,R,FLORIDA,18,ROS-LEHT,Ileana,2,2,0,1,80
15627,110,R,FLORIDA,6,STEARNS,Cliff,3,0,3,0,50
20504,110,D,FLORIDA,20,WASSERMA,Debbie,3,2,1,1,100
29509,110,R,FLORIDA,15,WELDON,Dave,2,1,1,0,0
13047,110,R,FLORIDA,10,YOUNG,C.W. Bill,3,0,3,0,50
20507,110,D,GEORGIA,12,BARROW,John,2,1,1,0,100
29339,110,D,GEORGIA,2,BISHOP,Sanford,1,1,0,0,100
20753,110,R,GEORGIA,10,BROUN,Paul,3,2,1,0,14
99342,110,R,GEORGIA,9,DEAL,Nathan,4,3,1,0,10
20319,110,R,GEORGIA,11,GINGREY,Phil,4,3,1,0,22
20712,110,D,GEORGIA,4,JOHNSON,"Henry C. ""Hank""",2,0,2,0,100
29338,110,R,GEORGIA,1,KINGSTON,Jack,4,2,2,0,11
15431,110,D,GEORGIA,5,LEWIS,John,1,0,1,0,100
29341,110,R,GEORGIA,7,LINDER,John,2,1,1,0,11
20317,110,D,GEORGIA,8,MARSHALL,Jim,2,1,1,0,100
20505,110,R,GEORGIA,6,PRICE,Tom,1,0,1,0,20
20321,110,D,GEORGIA,13,SCOTT,David,2,2,0,0,100
20506,110,R,GEORGIA,3,WESTMORE,Lynn,3,2,1,0,10
20509,110,D,ILLINOI,8,BEAN,Melissa,2,2,0,1,100
29912,110,R,ILLINOI,13,BIGGERT,Judy,4,3,1,1,70
15453,110,D,ILLINOI,12,COSTELLO,Jerry,3,1,2,0,90
29717,110,D,ILLINOI,7,DAVIS,Danny,2,0,2,0,100
20323,110,D,ILLINOI,5,EMANUEL,Rahm,3,2,1,0,100
29348,110,D,ILLINOI,4,GUTIERRE,Luis,2,2,0,0,100
20716,110,D,ILLINOI,17,HARE,Philip,2,1,1,0,100
15417,110,R,ILLINOI,14,HASTERT,J. Dennis,2,0,2,0,25
29517,110,R,ILLINOI,18,LAHOOD,Ray,4,2,2,0,77
29349,110,R,ILLINOI,16,MANZULLO,Donald,3,1,2,0,20
29911,110,D,ILLINOI,9,SCHAKOWS,Janice,3,2,1,1,100
29718,110,R,ILLINOI,19,SHIMKUS,John,3,0,3,0,33
15014,110,R,INDIANA,5,BURTON,Dan,3,2,1,0,20
29350,110,R,INDIANA,4,BUYER,Steve,2,1,1,0,44
20717,110,D,INDIANA,2,DONNELLY,Joe,2,1,1,0,80
20718,110,D,INDIANA,8,ELLSWORTH,Brad,1,1,0,0,77
29914,110,D,INDIANA,9,HILL,Baron,3,3,0,0,100
20117,110,R,INDIANA,6,PENCE,Mike,3,2,1,0,10
29519,110,R,INDIANA,3,SOUDER,Mark,3,1,2,0,30
15124,110,D,INDIANA,1,VISCLOSKY,Peter,2,0,2,0,100
29721,110,D,IOWA,3,BOSWELL,Leonard,3,2,1,0,100
20719,110,D,IOWA,1,BRALEY,Bruce,3,1,2,0,100
20325,110,R,IOWA,5,KING,Steve,3,0,3,0,10
29522,110,R,IOWA,4,LATHAM,Tom,3,2,1,0,40
20721,110,D,KANSAS,2,BOYDA,Nancy,7,3,4,1,90
29915,110,D,KANSAS,3,MOORE,Dennis,7,2,4,0,100
29722,110,R,KANSAS,1,MORAN,Jerry,2,2,0,0,40
29524,110,R,KANSAS,4,TIAHRT,Todd,3,1,2,0,37
20326,110,D,KENTUCK,6,CHANDLER,Ben,3,1,2,0,100
29352,110,R,KENTUCK,2,LEWIS,Ron,2,1,1,0,30
14854,110,R,KENTUCK,5,ROGERS,Harold,3,1,2,0,50
29525,110,R,KENTUCK,1,WHITFIEL,Ed,1,1,0,0,50
20723,110,D,KENTUCK,3,YARMUTH,John,1,0,1,0,100
15401,110,R,LOUISIA,6,BAKER,Richard,2,1,1,0,20
20514,110,R,LOUISIA,7,BOUSTANY,Charles,2,1,1,0,30
29120,110,D,LOUISIA,2,JEFFERSO,William,5,5,0,0,100
20512,110,R,LOUISIA,1,JINDAL,Bobby,3,1,2,0,50
20513,110,D,LOUISIA,3,MELANCON,Charlie,2,1,1,0,80
29728,110,D,MAINE,1,ALLEN,Thomas,2,2,0,0,100
29587,110,D,MARYLAN,7,CUMMINGS,Elijah,1,1,0,0,100
29122,110,R,MARYLAN,1,GILCHRES,Wayne,3,1,2,0,100
14873,110,D,MARYLAN,5,HOYER,Steny,3,3,0,0,100
20329,110,D,MARYLAN,2,RUPPERSBE,C.A. Dutch,2,1,1,0,100
20330,110,D,MARYLAN,8,VAN HOLLE,Chris,3,1,2,0,100
29919,110,D,MASSACH,8,CAPUANO,Michael,2,0,2,0,100
29731,110,D,MASSACH,10,DELAHUNT,William,2,2,0,0,100
20119,110,D,MASSACH,9,LYNCH,Stephen,1,1,0,0,100
15616,110,D,MASSACH,2,NEAL,Richard,4,1,3,0,100
29123,110,D,MASSACH,1,OLVER,John,1,1,0,0,100
10713,110,D,MICHIGA,14,CONYERS,John,2,0,2,0,100
29362,110,R,MICHIGA,3,EHLERS,Vernon,4,2,2,0,40
29361,110,R,MICHIGA,2,HOEKSTRA,Peter,3,2,1,0,20
14430,110,D,MICHIGA,5,KILDEE,Dale,3,1,2,0,100
29733,110,D,MICHIGA,13,KILPATRI,Carolyn,2,1,1,1,100
29365,110,R,MICHIGA,9,KNOLLENB,Joe,2,0,2,0,44
15033,110,D,MICHIGA,12,LEVIN,Sander,4,2,2,0,100
20332,110,R,MICHIGA,11,MCCOTTER,Thaddeus,3,1,2,0,60
20331,110,R,MICHIGA,10,MILLER,Candice,1,1,0,1,60
20120,110,R,MICHIGA,8,ROGERS,Mike,2,1,1,0,40
29360,110,D,MICHIGA,1,STUPAK,Bart,2,0,2,0,100
20725,110,R,MICHIGA,7,WALBERG,Timothy,3,1,2,0,30
20728,110,R,MINNESO,6,BACHMANN,Michele,5,3,2,1,10
20727,110,D,MINNESO,5,ELLISON,Keith,4,1,3,0,100
20333,110,R,MINNESO,2,KLINE,John,2,1,1,0,10
20122,110,D,MINNESO,4,MCCOLLUM,Betty,2,1,1,1,100
14265,110,D,MINNESO,8,OBERSTAR,James,6,4,2,0,100
29127,110,D,MINNESO,7,PETERSON,Colln,3,0,3,0,80
20726,110,D,MINNESO,1,WALZ,Timothy,2,1,1,0,100
29734,110,R,MISSISS,3,PICKERIN,Charles,5,1,4,0,33
15637,110,D,MISSISS,4,TAYLOR,Gene,3,2,1,0,80
29368,110,D,MISSISS,2,THOMPSON,Bennie,1,1,0,0,100
29534,110,R,MISSISS,1,WICKER,Roger,3,2,1,0,16
20123,110,R,MISSOUR,2,AKIN,W Todd,6,3,3,0,20
29735,110,R,MISSOUR,7,BLUNT,Roy,1,0,1,0,10
20516,110,D,MISSOUR,3,CARNAHAN,Russ,2,0,2,0,100
20147,110,D,MISSOUR,1,CLAY,WM Lacy,2,1,1,0,100
20517,110,D,MISSOUR,5,CLEAVER,Emanuel,4,0,0,0,100
29736,110,R,MISSOUR,8,EMERSON,Jo Ann,9,8,1,1,60
20124,110,R,MISSOUR,6,GRAVES,Sam,3,2,1,0,44
14451,110,D,MISSOUR,4,SKELTON,Ike,3,1,2,0,90
20125,110,R,MONTANA,1,REHBERG,Dennis,3,2,1,0,50
29921,110,R,NEBRASK,2,TERRY,Lee,3,0,3,0,30
29922,110,D,NEVADA,1,BERKLEY,Shelley,2,0,2,1,100
20730,110,R,NEVADA,2,HELLER,Dean,4,2,2,0,40
20334,110,R,NEVADA,3,PORTER,Jon,2,1,1,0,66
20732,110,D,NEW HAM,2,HODES,Paul,2,1,1,0,100
29132,110,D,NEW JER,1,ANDREWS,Robert,2,2,0,0,100
29541,110,R,NEW JER,11,FRELINGH,Rodney,2,2,0,0,70
20336,110,R,NEW JER,5,GARRETT,Scott,2,2,0,0,20
29923,110,D,NEW JER,12,HOLT,Rush,3,1,2,0,100
29741,110,D,NEW JER,8,PASCRELL,Bill,3,0,3,0,100
15112,110,R,NEW JER,3,SAXTON,Jim,2,1,1,0,70
20542,110,D,NEW JER,13,SIRES,Albio,1,1,0,0,100
14863,110,R,NEW JER,4,SMITH,Christopher,3,1,2,0,70
20337,110,R,NEW MEX,2,PEARCE,Stevan,1,1,0,0,44
29779,110,R,NEW MEX,1,WILSON,Heather,3,1,2,1,66
15000,110,D,NEW YOR,5,ACKERMAN,Gary,3,2,1,0,100
20338,110,D,NEW YOR,1,BISHOP,Timothy ,2,2,0,0,100
15603,110,D,NEW YOR,17,ENGEL,Eliot,3,1,2,0,100
29773,110,R,NEW YOR,13,FOSSELLA,Vito,3,1,2,0,50
20735,110,D,NEW YOR,20,GILLIBRAND,Kirsten,1,0,1,1,100
20734,110,D,NEW YOR,19,HALL,John,1,1,0,0,100
20519,110,D,NEW YOR,27,HIGGINS,Brian,2,1,1,0,100
29380,110,D,NEW YOR,22,HINCHEY,Maurice,3,1,2,0,100
29375,110,R,NEW YOR,3,KING,Peter,2,1,1,0,50
15612,110,D,NEW YOR,18,LOWEY,Nita,3,2,1,1,100
29379,110,D,NEW YOR,14,MALONEY,Carolyn,2,2,0,1,100
29744,110,D,NEW YOR,4,MCCARTHY,Carolyn,1,0,1,1,100
15614,110,D,NEW YOR,21,MCNULTY,Michael,4,4,0,0,100
29776,110,D,NEW YOR,6,MEEKS,Gregory,3,3,0,0,100
13035,110,D,NEW YOR,15,RANGEL,Charles,2,1,1,0,100
29134,110,D,NEW YOR,16,SERRANO,Jose,5,2,3,0,100
15444,110,D,NEW YOR,28,SLAUGHTE,Louise McIntosh,3,3,0,1,100
15072,110,D,NEW YOR,10,TOWNS,Edolphus,2,1,1,0,100
15630,110,R,NEW YOR,25,WALSH,James,3,1,2,0,55
29745,110,D,NORTH C,2,ETHERIDG,Bob,3,1,2,0,100
20521,110,R,NORTH C,5,FOXX,Virginia,1,1,0,1,10
29929,110,R,NORTH C,8,HAYES,Robin,2,1,1,0,70
29546,110,R,NORTH C,3,JONES,Walter,1,1,0,0,60
15438,110,D,NORTH C,4,PRICE,David,2,1,1,0,100
20737,110,D,NORTH C,11,SHULER,Heath,2,1,1,0,80
29383,110,D,NORTH C,12,WATT,Melvin,2,0,2,0,100
29384,110,D,NORTH D,1,POMEROY,Earl,2,1,1,0,100
29137,110,R,OHIO,8,BOEHNER,John,2,2,0,0,10
29550,110,R,OHIO,1,CHABOT,Steve,2,1,1,0,20
15604,110,R,OHIO,5,GILLMOR,Paul,5,2,3,0,40
29136,110,R,OHIO,7,HOBSON,David,3,2,1,0,60
29930,110,D,OHIO,11,JONES,Stephanie Tubbs,1,0,1,1,100
20738,110,R,OHIO,4,JORDAN,"James ""Jim""",4,2,2,0,10
29748,110,D,OHIO,10,KUCINICH,Dennis,1,1,0,0,90
29553,110,R,OHIO,14,LATOURET,Steven,5,4,1,0,60
29390,110,R,OHIO,15,PRYCE,Deborah,2,2,0,1,80
14045,110,R,OHIO,16,REGULA,Ralph,3,1,2,0,60
20540,110,R,OHIO,2,SCHMIDT,Jean,1,1,0,1,40
20741,110,D,OHIO,18,SPACE,Zachary,2,1,1,0,100
20342,110,R,OHIO,3,TURNER,Michael ,2,2,0,0,66
20739,110,D,OHIO,6,WILSON,Charles,4,0,4,0,90
20344,110,R,OKLAHOM,4,COLE,Tom,1,0,1,0,40
20742,110,R,OKLAHOM,5,FALLIN,Mary,2,1,1,1,40
29393,110,R,OKLAHOM,3,LUCAS,Frank,3,2,1,0,40
20131,110,R,OKLAHOM,1,SULLIVAN,John,4,2,2,0,22
29588,110,D,OREGON,3,BLUMENAU,Earl,2,1,1,0,100
29750,110,D,OREGON,5,HOOLEY,Darlene,2,1,1,1,100
29932,110,R,OREGON,2,WALDEN,Greg,1,0,1,0,70
29931,110,D,OREGON,1,WU,David,2,1,1,0,100
29777,110,D,PENNSYL,1,BRADY,Robert,2,1,1,0,100
20746,110,D,PENNSYL,10,CARNEY,Christopher,5,1,4,0,90
20526,110,R,PENNSYL,15,DENT,Charles,3,1,2,0,90
29561,110,D,PENNSYL,14,DOYLE,Michael,4,1,3,0,100
20345,110,R,PENNSYL,6,GERLACH,Jim,3,1,2,0,90
15104,110,D,PENNSYL,11,KANJORSK,Paul,1,1,0,0,90
20745,110,D,PENNSYL,8,MURPHY,Patrick,1,1,0,0,100
20346,110,R,PENNSYL,18,MURPHY,Tim,1,1,0,0,60
14072,110,D,PENNSYL,12,MURTHA,John,3,1,2,0,100
29751,110,R,PENNSYL,5,PETERSON,John,1,0,1,0,60
29752,110,R,PENNSYL,16,PITTS,Joseph,3,2,1,0,22
20135,110,R,PENNSYL,19,PLATTS,Todd Russell,2,1,1,0,70
20525,110,D,PENNSYL,13,SCHWARTZ,Allyson,2,0,2,1,100
20744,110,D,PENNSYL,7,SESTAK,Joe,1,1,0,0,100
20134,110,R,PENNSYL,9,SHUSTER,Bill,2,1,1,0,44
20347,110,R,SOUTH C,3,BARRETT,J. Gresham,3,1,2,0,11
39301,110,D,SOUTH C,6,CLYBURN,James,3,3,0,0,100
15064,110,D,SOUTH C,5,SPRATT,John,3,3,0,0,100
20138,110,R,SOUTH C,2,WILSON,Joe,4,0,4,0,20
20351,110,R,TENNESS,7,BLACKBURN,Marsha,2,1,1,1,22
15019,110,D,TENNESS,5,COOPER,Jim,3,1,2,0,90
20747,110,R,TENNESS,1,DAVIS,David,2,1,1,0,30
20350,110,D,TENNESS,4,DAVIS,Lincoln,3,3,0,0,80
15455,110,R,TENNESS,2,DUNCAN,John,4,2,2,0,10
15100,110,D,TENNESS,6,GORDON,Bart,1,1,0,0,90
15628,110,D,TENNESS,8,TANNER,John,2,1,1,0,100
29567,110,R,TENNESS,3,WAMP,Zach,2,1,1,0,40
15085,110,R,TEXAS,6,BARTON,Joe,6,3,3,0,20
20356,110,R,TEXAS,31,CARTER,John,4,2,2,0,22
20531,110,R,TEXAS,11,CONAWAY,K. Michael,4,3,1,0,10
20533,110,D,TEXAS,28,CUELLAR,Henry,2,2,0,0,100
20139,110,R,TEXAS,7,CULBERSO,John Abney,1,1,0,0,20
29571,110,D,TEXAS,25,DOGGETT,Lloyd,2,2,0,0,100
29144,110,D,TEXAS,17,EDWARDS,Chet,2,0,2,0,100
20527,110,R,TEXAS,1,GOHMERT,Louie,3,3,0,0,44
29762,110,R,TEXAS,12,GRANGER,Kay,3,1,2,1,33
39304,110,D,TEXAS,29,GREEN,Gene,2,1,1,0,100
94828,110,R,TEXAS,4,HALL,Ralph,3,0,3,0,40
20352,110,R,TEXAS,5,HENSARLIN,Jeb,1,1,1,0,10
29763,110,D,TEXAS,15,HINOJOSA,Ruben,5,4,1,0,100
29573,110,D,TEXAS,18,JACKSON-,Sheila ,2,1,1,1,100
39305,110,D,TEXAS,30,JOHNSON,Eddie Bernice,1,0,1,1,100
29143,110,R,TEXAS,3,JOHNSON,Sam,3,2,1,0,28
29761,110,D,TEXAS,22,LAMPSON,Nick,2,2,0,0,88
15049,110,D,TEXAS,27,ORTIZ,Solomon,2,1,1,0,88
14290,110,R,TEXAS,14,PAUL,Ron,6,3,3,0,0
20528,110,R,TEXAS,2,POE,Ted,4,3,1,0,20
29764,110,D,TEXAS,16,REYES,Silvestre,3,2,1,0,100
29771,110,D,TEXAS,23,RODRIGUEZ,Ciro,1,1,0,0,100
29759,110,R,TEXAS,32,SESSIONS,Pete,2,0,2,0,30
15445,110,R,TEXAS,21,SMITH,Lamar,2,1,1,0,55
29572,110,R,TEXAS,13,THORNBER,Mac,2,1,1,0,30
20357,110,R,UTAH,1,BISHOP,Rob,5,1,4,0,30
29766,110,R,UTAH,3,CANNON,Chris,8,6,2,0,12
20140,110,D,UTAH,2,MATHESON,Jim,2,0,2,0,100
20750,110,D,VERMONT,1,WELCH,Peter,5,2,3,0,100
20141,110,R,VIRGINI,1,DAVIS,Jo Ann,2,0,2,1,100
29576,110,R,VIRGINI,11,DAVIS,Tom,3,2,1,0,55
20534,110,R,VIRGINI,2,DRAKE,Thelma,2,1,1,1,40
20143,110,R,VIRGINI,4,FORBES,J. Randy Forbes,4,1,3,0,60
89767,110,R,VIRGINI,5,GOODE,Virgil,1,1,0,0,40
39308,110,R,VIRGINI,6,GOODLATT,Bob,2,1,1,0,40
29149,110,D,VIRGINI,8,MORAN,James,4,2,2,0,100
14869,110,R,VIRGINI,10,WOLF,Frank,5,4,1,0,55
14413,110,D,WASHING,6,DICKS,Norman,2,0,2,0,100
29580,110,R,WASHING,4,HASTINGS,Doc,3,2,1,0,30
29937,110,D,WASHING,1,INSLEE,Jay,3,0,3,0,100
20145,110,D,WASHING,2,LARSEN,Rick,2,0,2,0,100
15613,110,D,WASHING,7,MCDERMOT,Jim,2,1,1,0,100
20536,110,R,WASHING,8,REICHERT,David,3,2,1,0,77
15083,110,D,WEST VI,1,MOLLOHAN,Alan,5,1,4,0,90
14448,110,D,WEST VI,3,RAHALL,Nick,3,2,1,0,90
29769,110,D,WISCONS,3,KIND,Ron,2,0,2,0,100
12036,110,D,WISCONS,7,OBEY,David,2,0,2,0,100
14675,110,R,WISCONS,6,PETRI,Thomas,1,1,0,0,50
29939,110,R,WISCONS,1,RYAN,Paul,3,1,2,0,10
14657,110,R,WISCONS,5,SENSENBR,F. James,2,0,2,0,0
29584,110,R,WYOMING,1,CUBIN,Barbara,2,0,2,1,16